k,D,p,round,beta
3,4,2,1,1.934388745350
3,4,2,2,0.211457402922
3,4,3,1,1.954568318863
3,4,3,2,0.295471353171
3,4,3,3,0.175917762930
3,4,4,1,1.957896293790
3,4,4,2,0.314795078252
3,4,4,3,0.266139741292
3,4,4,4,0.152954398906
3,4,5,1,1.959636498776
3,4,5,2,0.320727027447
3,4,5,3,0.285707402831
3,4,5,4,0.246706347375
3,4,5,5,0.135405214896
3,4,6,1,1.959437298190
3,4,6,2,0.321698901852
3,4,6,3,0.295008737707
3,4,6,4,0.269590663189
3,4,6,5,0.231272520560
3,4,6,6,0.122224970527
3,4,7,1,1.958663001250
3,4,7,2,0.321287824939
3,4,7,3,0.296920536054
3,4,7,4,0.282698985948
3,4,7,5,0.257966395375
3,4,7,6,0.219056235733
3,4,7,7,0.112476035728
3,4,8,1,1.957501856630
3,4,8,2,0.319651268510
3,4,8,3,0.296809615092
3,4,8,4,0.286117742667
3,4,8,5,0.273956769713
3,4,8,6,0.248903435845
3,4,8,7,0.209130068061
3,4,8,8,0.104999213732
3,4,9,1,1.956109326645
3,4,9,2,0.317592018384
3,4,9,3,0.295328778112
3,4,9,4,0.286771551614
3,4,9,5,0.278894601654
3,4,9,6,0.267142693206
3,4,9,7,0.241408845706
3,4,9,8,0.200786084304
3,4,9,9,0.098962003642
3,4,10,1,1.954664054001
3,4,10,2,0.315369067625
3,4,10,3,0.293297473654
3,4,10,4,0.285795327666
3,4,10,5,0.280316175381
3,4,10,6,0.273564516790
3,4,10,7,0.261413884844
3,4,10,8,0.234926645250
3,4,10,9,0.193555509901
3,4,10,10,0.093893974262
3,4,11,1,1.953227257609
3,4,11,2,0.313133299901
3,4,11,3,0.291064164717
3,4,11,4,0.284049199449
3,4,11,5,0.279870529143
3,4,11,6,0.275774478737
3,4,11,7,0.269218374463
3,4,11,8,0.256359191155
3,4,11,9,0.229155134746
3,4,11,10,0.187141137039
3,4,11,11,0.089524598265
3,4,12,1,1.951776016832
3,4,12,2,0.310961292074
3,4,12,3,0.288811124502
3,4,12,4,0.282031064355
3,4,12,5,0.278457352286
3,4,12,6,0.275812742140
3,4,12,7,0.272058838739
3,4,12,8,0.265368704351
3,4,12,9,0.251786355311
3,4,12,10,0.223927824058
3,4,12,11,0.181376144525
3,4,12,12,0.085690706455
3,4,13,1,1.950936978346
3,4,13,2,0.309120832983
3,4,13,3,0.286845152652
3,4,13,4,0.279773847189
3,4,13,5,0.276144535368
3,4,13,6,0.274666813882
3,4,13,7,0.273378288197
3,4,13,8,0.269175724291
3,4,13,9,0.261546705573
3,4,13,10,0.247489307183
3,4,13,11,0.219499682724
3,4,13,12,0.176673228801
3,4,13,13,0.082143304662
3,5,2,1,2.782761488412
3,5,2,2,0.210051898058
3,5,3,1,2.761735690760
3,5,3,2,0.287365638155
3,5,3,3,2.968208280791
3,5,4,1,2.757250825865
3,5,4,2,0.308892892819
3,5,4,3,2.884743355585
3,5,4,4,0.149693653928
3,5,5,1,2.754862658675
3,5,5,2,0.315746669238
3,5,5,3,2.862108910051
3,5,5,4,0.237343921245
3,5,5,5,3.009316927911
3,5,6,1,2.754519937346
3,5,6,2,0.317886256153
3,5,6,3,2.852455648343
3,5,6,4,0.262952304189
3,5,6,5,2.919824065698
3,5,6,6,0.119034841783
3,5,7,1,2.754935453910
3,5,7,2,0.317946202164
3,5,7,3,2.849370418894
3,5,7,4,0.276195511518
3,5,7,5,2.891249922284
3,5,7,6,0.208763207514
3,5,7,7,3.032926974656
3,5,8,1,2.755809694562
3,5,8,2,0.316849060226
3,5,8,3,2.848791921319
3,5,8,4,0.280709420323
3,5,8,5,2.874901590306
3,5,8,6,0.239801431064
3,5,8,7,2.944195662523
3,5,8,8,0.100122863260
3,5,9,1,2.756879063764
3,5,9,2,0.315315069846
3,5,9,3,2.849583519540
3,5,9,4,0.282320963210
3,5,9,5,2.869144167130
3,5,9,6,0.258818456758
3,5,9,7,2.911316795172
3,5,9,8,0.186960858277
3,5,9,9,3.048902904885
3,5,10,1,2.757999658568
3,5,10,2,0.313616889256
3,5,10,3,2.850918542404
3,5,10,4,0.282234465275
3,5,10,5,2.866480546716
3,5,10,6,0.265636310145
3,5,10,7,2.890092114771
3,5,10,8,0.221078788445
3,5,10,9,2.964687190936
3,5,10,10,0.085933305261
3,5,11,1,2.759139969217
3,5,11,2,0.311422632509
3,5,11,3,2.852466233549
3,5,11,4,0.281270818916
3,5,11,5,2.866250919539
3,5,11,6,0.267863173205
3,5,11,7,2.883282690710
3,5,11,8,0.244308881446
3,5,11,9,2.929655153663
3,5,11,10,0.167212230825
3,5,11,11,3.062117447762
3,5,12,1,2.760193255877
3,5,12,2,0.310379938850
3,5,12,3,2.852902036573
3,5,12,4,0.280367166738
3,5,12,5,2.865461856930
3,5,12,6,0.272531169871
3,5,12,7,2.877209557463
3,5,12,8,0.248430950559
3,5,12,9,2.913730748461
3,5,12,10,0.192992327967
3,5,12,11,2.997095227869
3,5,12,12,0.066779458331
3,5,13,1,2.756638887585
3,5,13,2,0.314776672886
3,5,13,3,2.853388950478
3,5,13,4,0.281669781317
3,5,13,5,2.867380920372
3,5,13,6,0.268709842137
3,5,13,7,2.877774749506
3,5,13,8,0.243999834910
3,5,13,9,2.925598733042
3,5,13,10,0.187755859830
3,5,13,11,2.992566348732
3,5,13,12,0.110695100319
3,5,13,13,3.082149403485
3,6,2,1,1.926821577871
3,6,2,2,1.780088912438
3,6,3,1,0.377476306961
3,6,3,2,0.282690433672
3,6,3,3,0.172049866098
3,6,4,1,0.382605272853
3,6,4,2,0.305127371454
3,6,4,3,0.251282810002
3,6,4,4,0.147946669199
3,6,5,1,0.385397260648
3,6,5,2,0.312774799550
3,6,5,3,0.275431755668
3,6,5,4,0.231380938563
3,6,5,5,0.130445426533
3,6,6,1,0.386093904124
3,6,6,2,0.315431351472
3,6,6,3,0.285481920695
3,6,6,4,0.258704368064
3,6,6,5,0.215581433540
3,6,6,6,0.117100742873
3,6,7,1,0.385924895621
3,6,7,2,0.315907472908
3,6,7,3,0.289302789184
3,6,7,4,0.271876880063
3,6,7,5,0.245770032715
3,6,7,6,0.202321638675
3,6,7,7,0.106574873268
3,6,8,1,0.385272021399
3,6,8,2,0.315191493563
3,6,8,3,0.290349169064
3,6,8,4,0.277474197057
3,6,8,5,0.261698485562
3,6,8,6,0.234859725177
3,6,8,7,0.190773581004
3,6,8,8,0.097938606167
3,6,9,1,0.384374561379
3,6,9,2,0.313925428948
3,6,9,3,0.289992704862
3,6,9,4,0.279660501064
3,6,9,5,0.268940588079
3,6,9,6,0.253265670050
3,6,9,7,0.225138203496
3,6,9,8,0.180498391491
3,6,9,9,0.090667249026
3,6,10,1,0.383317793364
3,6,10,2,0.312312184679
3,6,10,3,0.288872944173
3,6,10,4,0.279964862922
3,6,10,5,0.272250569950
3,6,10,6,0.262036230469
3,6,10,7,0.245743240017
3,6,10,8,0.216296424927
3,6,10,9,0.171321408251
3,6,10,10,0.084502778301
3,6,11,1,0.381236576535
3,6,11,2,0.310200395238
3,6,11,3,0.287690050913
3,6,11,4,0.279138896292
3,6,11,5,0.273800799128
3,6,11,6,0.267543389748
3,6,11,7,0.256184682861
3,6,11,8,0.237490004751
3,6,11,9,0.207900866489
3,6,11,10,0.163747664535
3,6,11,11,0.078821517710
3,6,12,1,0.375297045472
3,6,12,2,0.312825412264
3,6,12,3,0.286894151616
3,6,12,4,0.282115503422
3,6,12,5,0.274120947318
3,6,12,6,0.267215980089
3,6,12,7,0.255714441364
3,6,12,8,0.239495020724
3,6,12,9,0.211884179282
3,6,12,10,0.173221694429
3,6,12,11,0.111446128760
3,6,12,12,0.044518584177
3,6,13,1,0.375297119962
3,6,13,2,0.312825256240
3,6,13,3,0.286894135686
3,6,13,4,0.282115514850
3,6,13,5,0.274120991165
3,6,13,6,0.267215979709
3,6,13,7,0.255714446078
3,6,13,8,0.239495069664
3,6,13,9,0.211884201494
3,6,13,10,0.173221681833
3,6,13,11,0.111446107454
3,6,13,12,0.044518686528
3,6,13,13,0.044518486532
3,6,14,1,0.383925782186
3,6,14,2,0.298712571106
3,6,14,3,0.283088240660
3,6,14,4,0.210651579978
3,6,14,5,0.265786915919
3,6,14,6,0.225689169082
3,6,14,7,0.271259692526
3,6,14,8,0.201970575924
3,6,14,9,0.209052353142
3,6,14,10,0.171155771863
3,6,14,11,0.118210273118
3,6,14,12,0.045861751243
3,6,14,13,0.043811336377
3,6,14,14,0.043052931605
3,7,2,1,1.924973513712
3,7,2,2,1.361973672874
3,7,3,1,0.645535222234
3,7,3,2,0.321713454872
3,7,3,3,1.378890524784
3,7,4,1,1.945789121720
3,7,4,2,2.864069396595
3,7,4,3,1.600627893252
3,7,4,4,1.744745246469
3,7,5,1,0.907519292922
3,7,5,2,0.471339948827
3,7,5,3,2.607620986501
3,7,5,4,2.861733377120
3,7,5,5,0.149413125403
3,7,6,1,2.514292573048
3,7,6,2,1.222520194017
3,7,6,3,2.113936415108
3,7,6,4,0.230050544689
3,7,6,5,1.340790414464
3,7,6,6,3.011502939583
3,7,7,1,2.516461301653
3,7,7,2,1.221425890499
3,7,7,3,2.108422769533
3,7,7,4,0.205984425820
3,7,7,5,1.311924582103
3,7,7,6,2.926699247171
3,7,7,7,3.022205069783
3,7,8,1,2.517768077705
3,7,8,2,1.222065627039
3,7,8,3,2.103281215276
3,7,8,4,0.192990832799
3,7,8,5,1.300603306174
3,7,8,6,2.896465897854
3,7,8,7,2.941109996118
3,7,8,8,3.034476275726
3,7,9,1,2.518525971200
3,7,9,2,1.223564275603
3,7,9,3,2.097800335548
3,7,9,4,0.183786833212
3,7,9,5,1.295415794876
3,7,9,6,2.880764305705
3,7,9,7,2.908003384404
3,7,9,8,2.953118241202
3,7,9,9,3.043305872865
3,7,10,1,2.518546784404
3,7,10,2,1.225081584586
3,7,10,3,2.094762528741
3,7,10,4,0.177992535904
3,7,10,5,1.292983464126
3,7,10,6,2.873786163989
3,7,10,7,2.891468494227
3,7,10,8,2.918149524326
3,7,10,9,2.963513972499
3,7,10,10,3.050839633383
3,7,11,1,2.517521210635
3,7,11,2,1.225124449769
3,7,11,3,2.099428380105
3,7,11,4,0.176977092966
3,7,11,5,1.288350519900
3,7,11,6,2.863567046996
3,7,11,7,2.875750809042
3,7,11,8,2.894936150225
3,7,11,9,2.924667898184
3,7,11,10,2.974892950003
3,7,11,11,3.059884512001
3,7,12,1,0.864038633413
3,7,12,2,0.498630554790
3,7,12,3,2.617842295707
3,7,12,4,2.950722031355
3,7,12,5,0.287575359747
3,7,12,6,0.281881791111
3,7,12,7,0.267977191661
3,7,12,8,0.249466161089
3,7,12,9,0.213930242982
3,7,12,10,0.151666962299
3,7,12,11,0.073673512305
3,7,12,12,0.061487893867
3,7,13,1,0.864038633413
3,7,13,2,0.498630554790
3,7,13,3,2.617842295707
3,7,13,4,2.950722031355
3,7,13,5,0.287575359747
3,7,13,6,0.281881791111
3,7,13,7,0.267977191661
3,7,13,8,0.249466161089
3,7,13,9,0.213930242982
3,7,13,10,0.151666962299
3,7,13,11,0.073673512305
3,7,13,12,0.061487893867
3,7,13,13,0.061487893867
3,8,2,1,0.352868605665
3,8,2,2,0.208505176168
3,8,3,1,1.945518769825
3,8,3,2,0.277525925562
3,8,3,3,0.170680469355
3,8,4,1,1.951337159439
3,8,4,2,0.300682386766
3,8,4,3,0.245040390056
3,8,4,4,0.146171684216
3,8,5,1,1.954601663523
3,8,5,2,0.309288613548
3,8,5,3,0.270401956702
3,8,5,4,0.224435355187
3,8,5,5,0.128536463737
3,8,6,1,1.955707627797
3,8,6,2,0.312516194774
3,8,6,3,0.281250221582
3,8,6,4,0.253250018668
3,8,6,5,0.208160159994
3,8,6,6,0.115033811670
3,8,7,1,1.955841888058
3,8,7,2,0.313512165097
3,8,7,3,0.285764913116
3,8,7,4,0.266886389901
3,8,7,5,0.239937555684
3,8,7,6,0.194539865514
3,8,7,7,0.104358598115
3,8,8,1,1.955447109963
3,8,8,2,0.313220927428
3,8,8,3,0.287406523698
3,8,8,4,0.273416647979
3,8,8,5,0.255913818224
3,8,8,6,0.228672312222
3,8,8,7,0.182735311821
3,8,8,8,0.095620279466
3,8,9,1,1.954662652509
3,8,9,2,0.312136738702
3,8,9,3,0.287498251063
3,8,9,4,0.276165198021
3,8,9,5,0.264253349239
3,8,9,6,0.246683102811
3,8,9,7,0.218616100579
3,8,9,8,0.172270762216
3,8,9,9,0.088255467973
3,8,10,1,1.953343041047
3,8,10,2,0.312348346245
3,8,10,3,0.287335562080
3,8,10,4,0.277743929930
3,8,10,5,0.269296907557
3,8,10,6,0.258490112879
3,8,10,7,0.238862229582
3,8,10,8,0.210665447349
3,8,10,9,0.164673338686
3,8,10,10,0.082627519475
3,8,11,1,1.954596476975
3,8,11,2,0.311775538100
3,8,11,3,0.284459279132
3,8,11,4,0.270364901000
3,8,11,5,0.270594245222
3,8,11,6,0.258295857878
3,8,11,7,0.236985081330
3,8,11,8,0.210803024216
3,8,11,9,0.170352211507
3,8,11,10,0.111714888033
3,8,11,11,0.050482806813
3,8,12,1,1.954016675436
3,8,12,2,0.311996777877
3,8,12,3,0.284119280037
3,8,12,4,0.269624206418
3,8,12,5,0.269826552834
3,8,12,6,0.257663524594
3,8,12,7,0.236448914183
3,8,12,8,0.209995679282
3,8,12,9,0.169989607051
3,8,12,10,0.111664382888
3,8,12,11,0.050879381892
3,8,12,12,0.050080462961
3,8,13,1,1.954054133774
3,8,13,2,0.312028089642
3,8,13,3,0.284151596366
3,8,13,4,0.269576430010
3,8,13,5,0.269837790335
3,8,13,6,0.257670062777
3,8,13,7,0.236476352415
3,8,13,8,0.209984433267
3,8,13,9,0.169984303291
3,8,13,10,0.111657525459
3,8,13,11,0.050875908482
3,8,13,12,0.050081439857
3,8,13,13,0.050074935727
4,5,2,1,1.292897410313
4,5,2,2,1.398147655498
4,5,3,1,1.284172994821
4,5,3,2,1.343932279763
4,5,3,3,1.425405450306
4,5,4,1,1.285309725215
4,5,4,2,1.334626962655
4,5,4,3,1.362832090991
4,5,4,4,1.443180690143
4,5,5,1,1.287144571171
4,5,5,2,1.333992892026
4,5,5,3,1.352061722254
4,5,5,4,1.374923204398
4,5,5,5,1.456460560071
4,5,6,1,1.852141506548
4,5,6,2,0.234798402165
4,5,6,3,0.221645856300
4,5,6,4,0.209186125585
4,5,6,5,0.185992875950
4,5,6,6,0.103863469696
4,5,7,1,1.849733740613
4,5,7,2,0.232224211434
4,5,7,3,0.220510024123
4,5,7,4,0.214720549641
4,5,7,5,0.202167291444
4,5,7,6,0.177429258933
4,5,7,7,0.095481545076
4,5,8,1,1.847400475733
4,5,8,2,0.229398622086
4,5,8,3,0.218451393669
4,5,8,4,0.214697789453
4,5,8,5,0.210083455548
4,5,8,6,0.196302345991
4,5,8,7,0.169805714529
4,5,8,8,0.088631354817
4,5,9,1,1.296388718716
4,5,9,2,1.344189262523
4,5,9,3,1.354902595057
4,5,9,4,1.357563960689
4,5,9,5,1.359682109591
4,5,9,6,1.364408600456
4,5,9,7,1.379728434455
4,5,9,8,1.407920388002
4,5,9,9,1.487940152541
4,5,10,1,1.298540651234
4,5,10,2,1.347246650870
4,5,10,3,1.357567992251
4,5,10,4,1.359185326056
4,5,10,5,1.360027838053
4,5,10,6,1.362910236492
4,5,10,7,1.369205589694
4,5,10,8,1.385366173152
4,5,10,9,1.414827080042
4,5,10,10,1.494225543338
4,5,11,1,1.844434892652
4,5,11,2,0.225217563703
4,5,11,3,0.215287242872
4,5,11,4,0.213564898987
4,5,11,5,0.213025146683
4,5,11,6,0.210503260056
4,5,11,7,0.209587237972
4,5,11,8,0.208216237418
4,5,11,9,0.182961360649
4,5,11,10,0.143129657425
4,5,11,11,0.066084558731
4,5,12,1,1.860397470138
4,5,12,2,0.222834784061
4,5,12,3,0.210977035658
4,5,12,4,0.210934501162
4,5,12,5,0.215289302405
4,5,12,6,0.207385745697
4,5,12,7,0.211073763561
4,5,12,8,0.201061175467
4,5,12,9,0.192168435044
4,5,12,10,0.133516181461
4,5,12,11,0.088044069873
4,5,12,12,0.046744452251
4,5,13,1,1.860397470138
4,5,13,2,0.222834784061
4,5,13,3,0.210977035658
4,5,13,4,0.210934501162
4,5,13,5,0.215289302405
4,5,13,6,0.207385745697
4,5,13,7,0.211073763561
4,5,13,8,0.201061175467
4,5,13,9,0.192168435044
4,5,13,10,0.133516181461
4,5,13,11,0.088044069873
4,5,13,12,0.046744452251
4,5,13,13,0.046744452251
4,6,2,1,1.847044692465
4,6,2,2,1.743192307974
4,6,3,1,1.856235071673
4,6,3,2,1.794607617952
4,6,3,3,1.715364542969
4,6,4,1,1.855641644400
4,6,4,2,1.804902847057
4,6,4,3,1.774918211439
4,6,4,4,1.697166305417
4,6,5,1,1.854157880002
4,6,5,2,1.806162749703
4,6,5,3,1.787172013574
4,6,5,4,1.762459374289
4,6,5,5,1.683720639565
4,6,6,1,1.852117897339
4,6,6,2,0.233819632248
4,6,6,3,0.219694170468
4,6,6,4,0.206631852186
4,6,6,5,0.181590972767
4,6,6,6,0.102387766447
4,6,7,1,1.849905831694
4,6,7,2,0.231527962830
4,6,7,3,0.219178465978
4,6,7,4,0.212450781410
4,6,7,5,0.199348233567
4,6,7,6,0.172839293655
4,6,7,7,0.093930396200
4,6,8,1,1.847723678769
4,6,8,2,0.228947871839
4,6,8,3,0.217420975824
4,6,8,4,0.213161031607
4,6,8,5,0.207558317942
4,6,8,6,0.193146828979
4,6,8,7,0.165001486318
4,6,8,8,0.086962127630
4,6,9,1,1.845270274883
4,6,9,2,0.225967200063
4,6,9,3,0.215461794021
4,6,9,4,0.212471479631
4,6,9,5,0.209278331910
4,6,9,6,0.202664366649
4,6,9,7,0.187162691559
4,6,9,8,0.158043802409
4,6,9,9,0.080441012845
4,6,10,1,1.845394412952
4,6,10,2,1.797214429980
4,6,10,3,1.785008044468
4,6,10,4,1.785026439910
4,6,10,5,1.783263452391
4,6,10,6,1.782976621373
4,6,10,7,1.777290168602
4,6,10,8,1.757905210537
4,6,10,9,1.722280795941
4,6,10,10,1.644749590665
4,6,11,1,1.837301300974
4,6,11,2,0.226770963412
4,6,11,3,0.214338837899
4,6,11,4,0.218527434511
4,6,11,5,0.217425366726
4,6,11,6,0.209551495308
4,6,11,7,0.202232714717
4,6,11,8,0.185449000304
4,6,11,9,0.146867574171
4,6,11,10,0.100088632487
4,6,11,11,0.041887369104
4,6,12,1,1.837301300974
4,6,12,2,0.226770963412
4,6,12,3,0.214338837899
4,6,12,4,0.218527434511
4,6,12,5,0.217425366726
4,6,12,6,0.209551495308
4,6,12,7,0.202232714717
4,6,12,8,0.185449000304
4,6,12,9,0.146867574171
4,6,12,10,0.100088632487
4,6,12,11,0.041887369104
4,6,12,12,0.041887369104
4,6,13,1,1.889233414497
4,6,13,2,0.280809654660
4,6,13,3,0.215649798285
4,6,13,4,0.197624397174
4,6,13,5,0.239612241132
4,6,13,6,0.259494565487
4,6,13,7,0.230594664600
4,6,13,8,0.215433828733
4,6,13,9,0.158336217278
4,6,13,10,0.104808089879
4,6,13,11,0.033162701703
4,6,13,12,0.045416790904
4,6,13,13,0.039729935158
4,7,2,1,0.275169357979
4,7,2,2,0.172256389387
4,7,3,1,0.284638745767
4,7,3,2,0.221822953848
4,7,3,3,0.144061372947
4,7,4,1,0.284398420902
4,7,4,2,0.232675621912
4,7,4,3,0.201549489233
4,7,4,4,0.125594471758
4,7,5,1,0.283149135420
4,7,5,2,0.234388092731
4,7,5,3,0.214674205261
4,7,5,4,0.188734973230
4,7,5,5,0.112022768335
4,7,6,1,0.281288800513
4,7,6,2,0.233127525800
4,7,6,3,0.218358271669
4,7,6,4,0.204784130339
4,7,6,5,0.178456975550
4,7,6,6,0.101412214676
4,7,7,1,0.279216868347
4,7,7,2,0.231046782292
4,7,7,3,0.218212520820
4,7,7,4,0.210818431721
4,7,7,5,0.197345053766
4,7,7,6,0.169536597423
4,7,7,7,0.092885930290
4,7,8,1,0.277156160006
4,7,8,2,0.228660647602
4,7,8,3,0.216707668052
4,7,8,4,0.212014577976
4,7,8,5,0.205632962089
4,7,8,6,0.190956564197
4,7,8,7,0.161540543677
4,7,8,8,0.085836674756
4,7,9,1,0.275077041141
4,7,9,2,0.225616657429
4,7,9,3,0.213915312803
4,7,9,4,0.211108701696
4,7,9,5,0.207684169371
4,7,9,6,0.199974259341
4,7,9,7,0.184321277839
4,7,9,8,0.154295926453
4,7,9,9,0.079602100085
4,7,10,1,0.275053556811
4,7,10,2,0.225384069512
4,7,10,3,0.212791198146
4,7,10,4,0.210762668327
4,7,10,5,0.208373937844
4,7,10,6,0.200269448597
4,7,10,7,0.189079883819
4,7,10,8,0.164241874069
4,7,10,9,0.111529717800
4,7,10,10,0.044645540924
4,7,11,1,0.277195167529
4,7,11,2,0.231272271048
4,7,11,3,0.211794245793
4,7,11,4,0.209217596860
4,7,11,5,0.205264667398
4,7,11,6,0.191474924286
4,7,11,7,0.191344729084
4,7,11,8,0.166388639038
4,7,11,9,0.108475684978
4,7,11,10,0.054407551174
4,7,11,11,0.041726233419
4,7,12,1,0.277996253119
4,7,12,2,0.248431683025
4,7,12,3,0.216760304629
4,7,12,4,0.094127324432
4,7,12,5,0.113102864511
4,7,12,6,0.172254468769
4,7,12,7,0.201914335249
4,7,12,8,0.208048159800
4,7,12,9,0.105396117983
4,7,12,10,0.059838929895
4,7,12,11,0.018109683420
4,7,12,12,0.036599491402
4,7,13,1,0.277996253119
4,7,13,2,0.248431683025
4,7,13,3,0.216760304629
4,7,13,4,0.094127324432
4,7,13,5,0.113102864511
4,7,13,6,0.172254468769
4,7,13,7,0.201914335249
4,7,13,8,0.208048159800
4,7,13,9,0.105396117983
4,7,13,10,0.059838929895
4,7,13,11,0.018109683420
4,7,13,12,0.036599491402
4,7,13,13,0.036599491402
4,8,2,1,1.296386840007
4,8,2,2,1.398625223283
4,8,3,1,1.286733573891
4,8,3,2,1.350368880855
4,8,3,3,1.427076202437
4,8,4,1,1.286728850548
4,8,4,2,1.339165796426
4,8,4,3,1.371079507580
4,8,4,4,1.445726434268
4,8,5,1,1.287810308447
4,8,5,2,1.337123528444
4,8,5,3,1.357403457678
4,8,5,4,1.384192412879
4,8,5,5,1.459386726715
4,8,6,1,0.281257003684
4,8,6,2,0.232617238119
4,8,6,3,0.217382431372
4,8,6,4,0.203359805130
4,8,6,5,0.176131779749
4,8,6,6,0.100736556647
4,8,7,1,1.291509077421
4,8,7,2,1.340104740149
4,8,7,3,1.353309406197
4,8,7,4,1.361180018996
4,8,7,5,1.374997578510
4,8,7,6,1.403735653314
4,8,7,7,1.478640950045
4,8,8,1,1.293332236271
4,8,8,2,1.342430496239
4,8,8,3,1.354824688298
4,8,8,4,1.359849329118
4,8,8,5,1.366672410266
4,8,8,6,1.381524135132
4,8,8,7,1.411892901176
4,8,8,8,1.485794424638
4,8,9,1,1.293652068362
4,8,9,2,1.342031959447
4,8,9,3,1.352766740764
4,8,9,4,1.358582354756
4,8,9,5,1.360778175988
4,8,9,6,1.367773510281
4,8,9,7,1.384032997511
4,8,9,8,1.418920247824
4,8,9,9,1.492953929026
4,8,10,1,1.293889370025
4,8,10,2,1.346470164141
4,8,10,3,1.350885308858
4,8,10,4,1.356678254574
4,8,10,5,1.363968492576
4,8,10,6,1.370053291982
4,8,10,7,1.383354412789
4,8,10,8,1.419688579889
4,8,10,9,1.463120044032
4,8,10,10,1.525240132788
4,8,11,1,1.294645428274
4,8,11,2,1.332743570731
4,8,11,3,1.359321382580
4,8,11,4,1.365173025572
4,8,11,5,1.367303131841
4,8,11,6,1.375422842330
4,8,11,7,1.389205079024
4,8,11,8,1.420131555937
4,8,11,9,1.461459348841
4,8,11,10,1.523309813340
4,8,11,11,1.523309813340
4,8,12,1,0.525866613434
4,8,12,2,1.717287258899
4,8,12,3,0.921213694425
4,8,12,4,2.782402106152
4,8,12,5,0.380764078874
4,8,12,6,1.069328424213
4,8,12,7,3.048017835939
4,8,12,8,2.518089670862
4,8,12,9,2.738434097736
4,8,12,10,0.796193250671
4,8,12,11,0.908845700119
4,8,12,12,2.181469339821
5,6,2,1,0.228200308055
5,6,2,2,0.148522457058
5,6,3,1,1.339200526192
5,6,3,2,1.382937629780
5,6,3,3,1.444730339463
5,6,4,1,0.228613469655
5,6,4,2,0.192592837658
5,6,4,3,0.174306506629
5,6,4,4,0.111261264805
5,6,5,1,0.225555849248
5,6,5,2,0.191359134224
5,6,5,3,0.181098635349
5,6,5,4,0.165724181842
5,6,5,5,0.100233966428
5,6,6,1,0.222635071631
5,6,6,2,0.188452086618
5,6,6,3,0.181752989532
5,6,6,4,0.175000122950
5,6,6,5,0.158613547308
5,6,6,6,0.091434161499
5,6,7,1,0.219878027060
5,6,7,2,0.185395822241
5,6,7,3,0.179812704175
5,6,7,4,0.177800418340
5,6,7,5,0.170498685708
5,6,7,6,0.152202601092
5,6,7,7,0.084242417304
5,6,8,1,0.217660813918
5,6,8,2,0.182619724530
5,6,8,3,0.177234602211
5,6,8,4,0.176710883523
5,6,8,5,0.175179553363
5,6,8,6,0.166572879208
5,6,8,7,0.146262368942
5,6,8,8,0.078243935228
5,6,9,1,0.214952899012
5,6,9,2,0.180173180674
5,6,9,3,0.175165184585
5,6,9,4,0.176173701892
5,6,9,5,0.175576915753
5,6,9,6,0.173432908705
5,6,9,7,0.162190747085
5,6,9,8,0.140559129832
5,6,9,9,0.071473759648
5,6,10,1,0.220563747019
5,6,10,2,0.181100462432
5,6,10,3,0.174881209928
5,6,10,4,0.178208731050
5,6,10,5,0.181331341324
5,6,10,6,0.176097737587
5,6,10,7,0.168947009262
5,6,10,8,0.133781726576
5,6,10,9,0.089912961565
5,6,10,10,0.040991067224
5,6,11,1,0.220130341576
5,6,11,2,0.185382025521
5,6,11,3,0.179808621329
5,6,11,4,0.176431814519
5,6,11,5,0.173875339949
5,6,11,6,0.172986593044
5,6,11,7,0.164143845547
5,6,11,8,0.135324396884
5,6,11,9,0.097304702440
5,6,11,10,0.046797061310
5,6,11,11,0.043326278724
5,6,12,1,1.868989348561
5,6,12,2,2.091555731431
5,6,12,3,2.875054400891
5,6,12,4,1.274448807998
5,6,12,5,1.237278804040
5,6,12,6,1.113100566032
5,6,12,7,1.166484948279
5,6,12,8,2.734673283861
5,6,12,9,2.215278265652
5,6,12,10,2.589525343179
5,6,12,11,0.057224208837
5,6,12,12,0.057224208837
5,7,2,1,1.798318109075
5,7,2,2,2.993041810630
5,7,3,1,0.231190766944
5,7,3,2,2.955181869165
5,7,3,3,1.445046113294
5,7,4,1,0.228516833492
5,7,4,2,0.191690725384
5,7,4,3,0.172332179070
5,7,4,4,0.110693958724
5,7,5,1,0.225654896746
5,7,5,2,0.190828082927
5,7,5,3,0.179952978224
5,7,5,4,0.163455553099
5,7,5,5,0.099531484406
5,7,6,1,0.222875792048
5,7,6,2,0.188155448650
5,7,6,3,0.180890144763
5,7,6,4,0.173728817154
5,7,6,5,0.156180285716
5,7,6,6,0.090661445002
5,7,7,1,0.220222433515
5,7,7,2,0.185251048293
5,7,7,3,0.179264887291
5,7,7,4,0.176721715688
5,7,7,5,0.169095783150
5,7,7,6,0.149638116260
5,7,7,7,0.083420973606
5,7,8,1,0.217641269569
5,7,8,2,0.182007732698
5,7,8,3,0.176703785329
5,7,8,4,0.175633381228
5,7,8,5,0.173063048337
5,7,8,6,0.164896737824
5,7,8,7,0.143762174055
5,7,8,8,0.077502913940
5,7,9,1,0.218893318918
5,7,9,2,0.182102478798
5,7,9,3,0.178923770401
5,7,9,4,0.178574885163
5,7,9,5,0.179084370710
5,7,9,6,0.177272027637
5,7,9,7,0.164637812946
5,7,9,8,0.129520991510
5,7,9,9,0.059587242995
5,7,10,1,0.218375520958
5,7,10,2,0.181123996869
5,7,10,3,0.175227188593
5,7,10,4,0.176258821019
5,7,10,5,0.172343668766
5,7,10,6,0.164461514857
5,7,10,7,0.139593908835
5,7,10,8,0.108911886660
5,7,10,9,0.046174752617
5,7,10,10,0.046072695698
5,7,11,1,0.212351596391
5,7,11,2,0.183534688586
5,7,11,3,0.179432690810
5,7,11,4,0.178865749037
5,7,11,5,0.178348814800
5,7,11,6,0.176666774776
5,7,11,7,0.164661292044
5,7,11,8,0.129570565482
5,7,11,9,0.059333974295
5,7,11,10,0.059971589409
5,7,11,11,0.059947500551
5,8,2,1,1.797845075409
5,8,2,2,0.148584438568
5,8,3,1,0.230899964702
5,8,3,2,1.756192545288
5,8,3,3,1.696335760118
5,8,4,1,1.799237214716
5,8,4,2,0.191027030634
5,8,4,3,0.170914840133
5,8,4,4,0.110305986050
5,8,5,1,0.225718931066
5,8,5,2,0.190438346005
5,8,5,3,0.179078954304
5,8,5,4,0.161779748432
5,8,5,5,0.099046325420
5,8,6,1,1.347753339481
5,8,6,2,1.382864106461
5,8,6,3,2.961336063396
5,8,6,4,2.968849809478
5,8,6,5,2.987248295408
5,8,6,6,3.051477521220
5,8,7,1,0.220481054728
5,8,7,2,0.185164340765
5,8,7,3,0.178849263289
5,8,7,4,0.175901507112
5,8,7,5,0.168011687224
5,8,7,6,0.147681763472
5,8,7,7,0.082831255862
5,8,8,1,1.788802284221
5,8,8,2,0.181882256507
5,8,8,3,0.176831405271
5,8,8,4,0.175277258267
5,8,8,5,0.172525691669
5,8,8,6,0.163386491958
5,8,8,7,0.141145760270
5,8,8,8,0.076293151883
5,8,9,1,1.353936795897
5,8,9,2,1.386600058989
5,8,9,3,2.964332418266
5,8,9,4,2.966102889525
5,8,9,5,2.967897742183
5,8,9,6,2.977082609363
5,8,9,7,2.997888001930
5,8,9,8,3.035400561859
5,8,9,9,3.096474793328
5,8,11,1,1.635484806237
5,8,11,2,0.702496029537
5,8,11,3,3.005854686631
5,8,11,4,1.061358182124
5,8,11,5,2.036315120257
5,8,11,6,0.136562818456
5,8,11,7,1.410825011525
5,8,11,8,0.165524928200
5,8,11,9,0.306481606068
5,8,11,10,2.484515439967
5,8,11,11,0.173600232833
6,7,2,1,2.946170822141
6,7,2,2,0.131709283181
6,7,3,1,0.195953584344
6,7,3,2,2.979285612971
6,7,3,3,1.683263204334
6,7,4,1,2.949430547010
6,7,4,2,0.164627717037
6,7,4,3,2.989538771368
6,7,4,4,0.099658621129
6,7,5,1,2.952942759540
6,7,5,2,0.162604282563
6,7,5,3,2.984871672097
6,7,5,4,0.145566955041
6,7,5,5,3.051487905383
6,7,6,1,0.185582054915
6,7,6,2,2.982151724240
6,7,6,3,1.727183358521
6,7,6,4,1.418093104357
6,7,6,5,1.710892625850
6,7,6,6,1.488367061642
6,7,7,1,0.182793277525
6,7,7,2,2.985309879654
6,7,7,3,1.724861467364
6,7,7,4,1.416623115257
6,7,7,5,1.720630941485
6,7,7,6,1.435661199592
6,7,7,7,1.646887372602
6,7,8,1,2.961781416691
6,7,8,2,0.153100563953
6,7,8,3,2.990576816030
6,7,8,4,0.152509719362
6,7,8,5,2.989067032250
6,7,8,6,0.147397725771
6,7,8,7,3.010035284251
6,7,8,8,0.070623629883
6,7,9,1,0.184152062491
6,7,9,2,2.986101610927
6,7,9,3,1.720176766906
6,7,9,4,1.423455021721
6,7,9,5,1.729508118579
6,7,9,6,1.421386540155
6,7,9,7,1.704979192975
6,7,9,8,1.525430909132
6,7,9,9,1.562892757922
6,7,10,1,0.549105574267
6,7,10,2,2.513684103034
6,7,10,3,1.645359871140
6,7,10,4,3.018891163949
6,7,10,5,1.695138566317
6,7,10,6,0.168042377496
6,7,10,7,3.056870009231
6,7,10,8,0.758464899370
6,7,10,9,2.340551130281
6,7,10,10,3.141344442025
6,8,2,1,0.195122549444
6,8,2,2,1.702610355706
6,8,3,1,0.195828783687
6,8,3,2,1.732317547097
6,8,3,3,1.683138327582
6,8,4,1,0.192230067529
6,8,4,2,0.164176297503
6,8,4,3,0.150894556505
6,8,4,4,0.099369534189
6,8,5,1,0.188836639935
6,8,5,2,0.162385501668
6,8,5,3,0.156074378301
6,8,5,4,0.144186674363
6,8,5,5,0.089719897709
6,8,6,1,0.185852836268
6,8,6,2,0.159361167895
6,8,6,3,0.155929688607
6,8,6,4,0.151961391837
6,8,6,5,0.138585767302
6,8,6,6,0.081985459905
6,8,7,1,0.182704017588
6,8,7,2,1.726998942776
6,8,7,3,1.725076321315
6,8,7,4,1.724326666178
6,8,7,5,1.719444206645
6,8,7,6,1.704372762471
6,8,7,7,1.645926321584
6,8,8,1,0.183088530005
6,8,8,2,1.726713936774
6,8,8,3,1.722183146974
6,8,8,4,1.726050727380
6,8,8,5,1.726911059268
6,8,8,6,1.719038891157
6,8,8,7,1.703592654782
6,8,8,8,1.642072581087
6,8,9,1,0.186964589138
6,8,9,2,1.707617508572
6,8,9,3,1.732437503123
6,8,9,4,1.729410562801
6,8,9,5,1.723823400023
6,8,9,6,1.718708818125
6,8,9,7,1.705153080940
6,8,9,8,1.658813589966
6,8,9,9,1.628161314539
6,8,10,1,2.323076347427
6,8,10,2,2.619868556945
6,8,10,3,2.111092552994
6,8,10,4,0.043270098720
6,8,10,5,2.610935082456
6,8,10,6,1.243427428998
6,8,10,7,2.077373172783
6,8,10,8,1.730142582130
6,8,10,9,1.690258124982
6,8,10,10,0.199398565649
7,8,1,1,0.158596795117
7,8,2,1,2.969563316203
7,8,2,2,1.451627786072
7,8,3,1,1.741678754124
7,8,3,2,0.144100781638
7,8,3,3,1.673053252016
7,8,4,1,0.166735436311
7,8,4,2,0.145017690544
7,8,4,3,0.136086459489
7,8,4,4,0.090904239335
7,8,5,1,0.163068824439
7,8,5,2,0.142636244519
7,8,5,3,0.139492376040
7,8,5,4,0.130998464120
7,8,5,5,0.082414698322
7,8,6,1,1.730810843812
7,8,6,2,0.139446860870
7,8,6,3,0.138668835345
7,8,6,4,0.136842393092
7,8,6,5,0.126609937154
7,8,6,6,0.075559802479
7,8,7,1,0.157048014457
7,8,7,2,0.136674060247
7,8,7,3,0.137037939148
7,8,7,4,0.138589098292
7,8,7,5,0.135045917888
7,8,7,6,0.123842761194
7,8,7,7,0.070643865031
7,8,8,1,0.154202353439
7,8,8,2,0.136198137691
7,8,8,3,0.135036366650
7,8,8,4,0.136993241773
7,8,8,5,0.134495415184
7,8,8,6,0.119769477525
7,8,8,7,0.094397528922
7,8,8,8,0.047476546833
7,8,9,1,1.554025495094
7,8,9,2,1.238981854308
7,8,9,3,3.112879421051
7,8,9,4,1.194810665186
7,8,9,5,0.002630307014
7,8,9,6,1.931169475443
7,8,9,7,1.061769164891
7,8,9,8,1.508200227337
7,8,9,9,0.096858948911
7,8,10,1,0.530729643029
7,8,10,2,0.241132589435
7,8,10,3,1.642241661421
7,8,10,4,1.084046285711
7,8,10,5,0.080791338203
7,8,10,6,1.356859268586
7,8,10,7,1.086380233533
7,8,10,8,0.098947036146
7,8,10,9,0.626339744826
7,8,10,10,1.619913160269
7,8,11,1,1.917050714877
7,8,11,2,1.659003919635
7,8,11,3,3.077742270882
7,8,11,4,1.635908796990
7,8,11,5,1.649996394935
7,8,11,6,0.493456427397
7,8,11,7,2.989585987510
7,8,11,8,2.243915276502
7,8,11,9,0.829496373156
7,8,11,10,2.967158597248
7,8,11,11,0.050629925960
