# Composite best data per (k,D,p) — generated 2026-04-07
# Best c̃ at each depth from all sources (Mac, Azure fleet, P710 swarm, Stephen cluster)
k,D,p,ctilde,converged,source,gamma,beta
3,4,1,0.676056660061,true,local/20260331T042916-k3-d4-p1-12-r2-i320-s1234,3.6916431695847245,0.28737134801591857
3,4,2,0.739122784672,true,local/20260331T042916-k3-d4-p1-12-r2-i320-s1234,2.7191318368502895;3.862785932585072,1.9343887453498883;0.2114574029218259
3,4,3,0.777144062579,true,local/20260331T042916-k3-d4-p1-12-r2-i320-s1234,2.780197925127931;3.7658412617389994;3.870022135985064,1.9545683188631753;0.2954713531707407;0.17591776293047443
3,4,4,0.802204018074,true,local/20260331T042916-k3-d4-p1-12-r2-i320-s1234,2.8172819068676733;3.7051754105795225;3.7832333095634487;3.8748789344321706,1.9578962937903273;0.3147950782521779;0.2661397412915824;0.15295439890593493
3,4,5,0.820480966926,true,local/20260331T042916-k3-d4-p1-12-r2-i320-s1234,2.8421234091124763;3.6699133130449324;3.7264530288133795;3.7894212120886954;3.8795683897907236,1.9596364987761499;0.32072702744696546;0.2857074028313304;0.24670634737525182;0.13540521489637944
3,4,6,0.834391132449,true,origin/stephen-apr6-results/20260331T232833-k3-d4-p1-15-r2-i320-s1234,2.860654665197588;0.5008281205560724;0.5512541738168453;0.5907501621225486;0.649547981341222;0.7420169968255372,1.9594372981900812;0.3216989018517114;0.2950087377069046;0.2695906631889056;0.23127252056018427;0.12222497052653626
3,4,7,0.845313272926,true,origin/stephen-apr6-results/20260331T232833-k3-d4-p1-15-r2-i320-s1234,2.875635321973785;0.4795818271809037;0.5264329559852897;0.5558766990522427;0.5904077158469673;0.6496580773808265;0.7444342940999583,1.9586630012498856;0.3212878249385136;0.29692053605428864;0.28269898594839143;0.2579663953753847;0.21905623573339109;0.11247603572828939
3,4,8,0.854102061491,true,local/20260331T042916-k3-d4-p1-12-r2-i320-s1234,2.887846412048007;3.6036004816993925;3.6490135224270133;3.674108994302764;3.6947527601684884;3.729638165239509;3.7905300845962246;3.8868988139570297,1.957501856629606;0.3196512685101759;0.2968096150915321;0.2861177426673958;0.2739567697134378;0.24890343584452104;0.20913006806116077;0.10499921373154052
3,4,9,0.861321028961,true,origin/stephen-apr6-results/20260331T232833-k3-d4-p1-15-r2-i320-s1234,2.898016022762011;0.44723967641784035;0.4921022617824667;0.5152168888450642;0.5304411224450827;0.5483339491570132;0.5853509187661713;0.6480115992430046;0.7454161857688467,1.9561093266445673;0.31759201838400974;0.29532877811192226;0.2867715516144442;0.27889460165432634;0.2671426932057027;0.24140884570603294;0.2007860843044839;0.09896200364159667
3,4,10,0.867359618593,true,origin/stephen-apr6-results/20260331T232833-k3-d4-p1-15-r2-i320-s1234,2.9065931998735315;0.43468718738869333;0.47933185793321625;0.5015545123152486;0.5140712193418007;0.5257895677321381;0.5434003675051691;0.582858454999428;0.6472126510253685;0.7453317250735234,1.9546640540014515;0.3153690676252151;0.2932974736540324;0.28579532766573595;0.28031617538117487;0.2735645167900465;0.26141388484370737;0.23492664524958565;0.193555509900558;0.09389397426211883
3,4,11,0.872489725464,true,origin/stephen-apr6-results/20260331T232833-k3-d4-p1-15-r2-i320-s1234,2.913902436208289;0.42384730354229827;0.46853060938900876;0.4902411736211872;0.501301678835071;0.5099246938085098;0.5207838758995139;0.5389070377212523;0.5807534136306586;0.6466647007449121;0.7452938948193429,1.9532272576086207;0.3131332999008824;0.29106416471663826;0.284049199448916;0.2798705291427288;0.27577447873682936;0.2692183744634846;0.25635919115475103;0.22915513474586718;0.18714113703886215;0.08952459826503815
3,4,12,0.876905340561,true,origin/stephen-apr6-results/20260401T022556-k3-d4-p12-15-r2-i320-s1234,2.9202113660026523;0.41430414808686455;0.459242616507614;0.4807513603598664;0.49079477587815246;0.49761217756613896;0.5049298258552292;0.515871284852859;0.5349674889027348;0.579071494670125;0.64643063963662;0.7454889733818263,1.9517760168323073;0.3109612920742403;0.28881112450248664;0.2820310643546148;0.2784573522861036;0.2758127421396335;0.2720588387390439;0.2653687043508077;0.2517863553113087;0.22392782405756442;0.18137614452510142;0.08569070645455229
3,4,13,0.880732724898,true,origin/stephen-apr6-results,2.9259240447541752;0.4063401256928396;0.4513417506583604;0.47274681062141793;0.48161656854148177;0.48674832574684057;0.49372631571338044;0.5014696778091581;0.511630003989789;0.5310145803831907;0.5782399718531627;0.6510096305686411;0.7529080023751171,1.9509369783464787;0.3091208329827633;0.2868451526519101;0.27977384718906523;0.2761445353676687;0.27466681388171077;0.27337828819697624;0.26917572429081366;0.2615467055727334;0.24748930718256765;0.2194996827237565;0.17667322880083194;0.08214330466175507
3,5,1,0.655445198972,true,local/20260331T043006-k3-d5-p1-12-r2-i320-s1234,3.628989454747739,2.8536248282575563
3,5,2,0.711560547762,true,local/20260331T043006-k3-d5-p1-12-r2-i320-s1234,3.5146841552202623;3.7701534857983696,2.7827614884116034;0.21005189805844404
3,5,3,0.745876655551,true,local/20260331T043006-k3-d5-p1-12-r2-i320-s1234,3.4612918537034756;3.6846184249663265;3.7684982222732835,2.76173569076017;0.2873656381552346;2.968208280791426
3,5,4,0.768844090898,true,local/20260331T043006-k3-d5-p1-12-r2-i320-s1234,3.4283617154390975;3.6322911614051923;3.694661556411525;3.770110002482808,2.7572508258653294;0.308892892818878;2.884743355584691;0.14969365392800738
3,5,5,0.785709743804,true,local/20260331T043006-k3-d5-p1-12-r2-i320-s1234,3.4059862404825934;3.6004896085863294;3.6444018394773763;3.697608527524607;3.771799684867735,2.7548626586750764;0.31574666923770267;2.8621089100507313;0.23734392124533069;3.0093169279106364
3,5,6,0.798643367187,true,origin/stephen-apr6-results/20260331T232833-k3-d5-p1-15-r2-i320-s1234,3.389372495072318;3.5765460708951906;3.6152475974945557;3.646445822760669;3.6977270961680477;3.7735046520605096,2.7545199373462474;0.3178862561532487;2.852455648342566;0.26295230418914173;2.919824065698199;0.11903484178302115
3,5,7,0.808900424026,true,origin/stephen-apr6-results/20260331T232833-k3-d5-p1-15-r2-i320-s1234,3.3763228496112285;3.5581801152434913;3.593878076047246;3.617912582992902;3.6448117715339166;3.697898454056021;3.7753185834314817,2.7549354539097775;0.3179462021640161;2.8493704188941975;0.2761955115183424;2.891249922284331;0.20876320751446942;3.0329269746556586
3,5,8,0.817250858892,true,local/20260331T043006-k3-d5-p1-12-r2-i320-s1234,3.3658699610593157;3.5433031409529847;3.577783235092751;3.5978973759461863;3.6157711444688183;3.6429580616259685;3.6990082929251487;3.7774960826370636,2.755809694562122;0.31684906022591014;2.8487919213190316;0.280709420322837;2.874901590305598;0.23980143106427895;2.9441956625225743;0.10012286325984832
3,5,9,0.824202504492,true,local/20260331T043006-k3-d5-p1-12-r2-i320-s1234,3.357344222103518;3.531106072446724;3.565023308735738;3.5832925893306258;3.596317948908716;3.6129835818362586;3.6422347972021867;3.7016269906466004;3.7806948213093836,2.7568790637639484;0.31531506984597457;2.84958351954048;0.28232096320957467;2.8691441671296514;0.25881845675799814;2.9113167951719294;0.18696085827721232;3.0489029048848355
3,5,10,0.830103713451,true,local/20260331T043006-k3-d5-p1-12-r2-i320-s1234,3.3503179586840197;3.5209618076569247;3.5546890754403893;3.5719668631366224;3.5824459589680235;3.593698817738697;3.611285009757414;3.6431401599784516;3.7062630108107317;3.7855753096575135,2.7579996585681648;0.31361688925600356;2.850918542403834;0.28223446527516705;2.8664805467160055;0.26563631014484446;2.8900921147713037;0.22107878844456413;2.9646871909362655;0.08593330526125327
3,5,11,0.835196864974,true,origin/stephen-apr6-results/20260331T232833-k3-d5-p1-15-r2-i320-s1234,3.345523621072101;3.5128908277435347;3.5456727905648617;3.5628837751268185;3.571663510646181;3.5787437765219057;3.5892525987997197;3.6119481635657578;3.646685102562919;3.7167064456198586;3.795221764267317,2.7591399692174967;0.3114226325094759;2.852466233548585;0.28127081891617095;2.8662509195394037;0.26786317320534275;2.8832826907103333;0.2443088814458798;2.9296551536634334;0.1672122308250828;3.0621174477615445
3,5,12,0.839623756787,true,origin/stephen-apr6-results/20260401T022726-k3-d5-p12-15-r2-i320-s1234,3.341419194481807;3.5059237585259577;3.5414095482875134;3.5583303719342974;3.5655164812770033;3.5746450195216077;3.58621510048361;3.60185938348531;3.6259418336910847;3.6652153690849683;3.7591664526328166;3.8432157575764228,2.7601932558766364;0.31037993884991155;2.852902036572891;0.2803671667377719;2.8654618569295387;0.2725311698712379;2.8772095574630083;0.24843095055854314;2.9137307484612895;0.19299232796685284;2.997095227869053;0.06677945833145849
3,5,13,0.842939019160,true,origin/stephen-apr6-results,3.338850450956096;3.5110132157807294;3.542575718532385;3.557134413791582;3.5666026764264207;3.572884679813694;3.5803022044023063;3.5982089762153193;3.622213140401806;3.6776704909807036;3.7520314606139746;3.833221139741797;3.8377856788298432,2.756638887585415;0.31477667288583533;2.8533889504781107;0.2816697813168935;2.867380920371862;0.2687098421374101;2.877774749505637;0.24399983491020524;2.925598733042194;0.18775585982988435;2.992566348731548;0.11069510031860297;3.0821494034848937
3,6,1,0.640718868498,true,local/20260331T043052-k3-d6-p1-12-r2-i320-s1234,0.44225821680268584,0.2883436771122114
3,6,2,0.691798945824,true,local/20260331T043052-k3-d6-p1-12-r2-i320-s1234,0.33797609192916933;2.576869029610892,1.9268215778713196;1.780088912437619
3,6,3,0.723248754631,true,local/20260401T114415-k3-d6-p1-14-r2-i320-s1234,0.2897617588353273;0.4871176455449775;0.558715271502021,0.3774763069607525;0.28269043367223506;0.17204986609769293
3,6,4,0.744482066639,true,local/20260401T114415-k3-d6-p1-14-r2-i320-s1234,0.25994383170031105;0.44045990512305844;0.4928899323005626;0.5581327880597226,0.38260527285282997;0.3051273714544864;0.25128281000245606;0.147946669198929
3,6,5,0.760163659266,true,local/20260401T114415-k3-d6-p1-14-r2-i320-s1234,0.23947612162718535;0.41160609534010595;0.4482413428492515;0.49429214200287525;0.5582227983371922,0.38539726064808316;0.3127747995500904;0.27543175566785505;0.23138093856285702;0.13044542653250954
3,6,6,0.772240853017,true,local/20260401T114415-k3-d6-p1-14-r2-i320-s1234,0.22435199280888782;0.39007229398668064;0.4218419284244019;0.44866530155830636;0.4938514187778647;0.5587971107776849,0.38609390412377304;0.3154313514721425;0.2854819206948153;0.2587043680641444;0.2155814335399689;0.11710074287297165
3,6,7,0.781862673769,true,local/20260401T114415-k3-d6-p1-14-r2-i320-s1234,0.21253269983070763;0.37354258562922593;0.4028327336342363;0.4230912487938;0.44626667369920237;0.49383930634915174;0.559768931096866,0.3859248956205413;0.31590747290790205;0.2893027891843241;0.2718768800633365;0.24577003271479558;0.20232163867523023;0.10657487326827156
3,6,8,0.789729626457,true,local/20260401T114415-k3-d6-p1-14-r2-i320-s1234,0.20304287007620392;0.3601865650078163;0.3883722779093325;0.4052407182924916;0.4206215844106958;0.44394611057920025;0.49469874957352006;0.5611166080373666,0.38527202139911054;0.3151914935630119;0.2903491690637127;0.2774741970565377;0.26169848556214265;0.23485972517657702;0.19077358100436873;0.09793860616667352
3,6,9,0.796296683237,true,origin/stephen-apr6-results/20260331T232833-k3-d6-p1-15-r2-i320-s1234,0.19521423385427286;0.34909105712766597;0.3768012373155339;0.3919774334897764;0.4029313980395013;0.41777078874573625;0.4424941294912036;0.4963633166110129;0.5628567525187924,0.38437456137881076;0.313925428948246;0.2899927048617979;0.27966050106370455;0.26894058807919075;0.2532656700495688;0.22513820349559382;0.18049839149120955;0.09066724902563288
3,6,10,0.801875873877,true,local/20260401T141240-k3-d6-p1-14-r2-i320-s1234,0.18859099683365085;0.3395751321866143;0.3671135298195639;0.38140593110410964;0.38988716644913574;0.39948204690409594;0.4154789425313905;0.4418247786798601;0.4984367614060668;0.5646541445918746,0.38331779336383176;0.3123121846793622;0.28887294417287834;0.2799648629223545;0.27225056995042407;0.2620362304689928;0.24574324001682368;0.2162964249270723;0.1713214082514946;0.08450277830071498
3,6,11,0.806743825390,true,origin/stephen-apr6-results/20260401T022626-k3-d6-p11-15-r2-i320-s1234,0.18273963624789644;0.3302037467419467;0.3590738179280436;0.37240324998542323;0.37991472664329573;0.3874737480365784;0.39819996141064057;0.4139907160299143;0.44102632440683226;0.5058672371552317;0.5756412806981779,0.3812365765347383;0.31020039523795934;0.287690050912852;0.27913889629228933;0.27380079912787775;0.2675433897477534;0.2561846828608219;0.23749000475081852;0.20790086648857478;0.1637476645345408;0.07882151771017062
3,6,12,0.809823630447,true,origin/stephen-apr6-results/20260401T022626-k3-d6-p11-15-r2-i320-s1234,0.18184892382710618;0.3312263975051081;0.35999720900075316;0.37512048425912725;0.37914568685201494;0.3864503182256205;0.3966479377873175;0.4137307343634486;0.4443410196084707;0.4981325482083024;0.566178751450083;0.5763260777467263,0.37529704547154175;0.31282541226383753;0.28689415161645715;0.28211550342239833;0.27412094731782255;0.2672159800892054;0.25571444136372506;0.23949502072376347;0.21188417928227918;0.17322169442933855;0.11144612876022156;0.04451858417689632
3,6,13,0.814420875297,true,origin/stephen-apr6-results/20260401T022626-k3-d6-p11-15-r2-i320-s1234,0.18184893760294732;0.33122641066552905;0.35999724340827055;0.375120435918622;0.37914572348037034;0.38645038744769344;0.39664779611996226;0.4137307440596452;0.4443409453469174;0.49813250769241824;0.566178894434698;0.5763261842402103;0.5763260708766352,0.37529711996226983;0.3128252562402221;0.28689413568567784;0.2821155148496598;0.2741209911645738;0.26721597970893035;0.2557144460778052;0.23949506966372605;0.2118842014942719;0.1732216818325152;0.11144610745442966;0.04451868652819341;0.04451848653240293
3,6,14,0.770589130208,true,origin/stephen-apr6-results,0.1737061024854345;0.341884894507758;0.3336824113508096;0.3725167393590498;0.3856388923188974;0.3845189904129939;0.4344712839128495;0.44440744096140766;0.4537015011194613;0.5299995374654224;0.608361779176718;0.5239573820394088;0.5459008660983115;0.5770837663112133,0.38392578218562257;0.29871257110589755;0.2830882406595864;0.2106515799779568;0.2657869159190174;0.2256891690824064;0.2712596925256812;0.201970575923991;0.20905235314238566;0.171155771862747;0.11821027311823873;0.045861751243302634;0.04381133637700376;0.04305293160508725
3,7,1,0.629519381067,true,local/20260331T043152-k3-d7-p1-12-r2-i320-s1234,0.40773374676474355,0.28860227562747015
3,7,2,0.676725383483,true,local/20260331T043152-k3-d7-p1-12-r2-i320-s1234,0.31129303317553486;2.6243790305837287,1.9249735137117763;1.3619736728738152
3,7,3,0.690049896619,true,local/20260331T043152-k3-d7-p1-12-r2-i320-s1234,2.976573601463986;2.6968741842063073;2.6306076772485056,0.645535222233993;0.32171345487244407;1.3788905247842165
3,7,4,0.707849354351,true,local/20260331T043152-k3-d7-p1-12-r2-i320-s1234,3.410000106116154;2.6939082403602086;1.9797639685325394;5.630164561252663,1.9457891217202448;2.8640693965953212;1.6006278932520028;1.744745246468792
3,7,5,0.717821118006,true,origin/stephen-apr6-results/20260331T232833-k3-d7-p1-15-r2-i320-s1234,0.21050472802688913;0.13716365292891786;3.6115783078999595;3.0238799476643003;0.6726429789449998,0.9075192929224905;0.47133994882663294;2.6076209865009536;2.861733377119552;0.14941312540280194
3,7,6,0.737202118285,true,local/20260331T043152-k3-d7-p1-12-r2-i320-s1234,3.2805587729936576;3.501419133143493;2.7287450452609576;3.025724677178225;0.6052488221706724;5.770953670823914,2.514292573048081;1.2225201940174104;2.113936415107741;0.23005054468938368;1.3407904144639957;3.011502939583469
3,7,7,0.749243219563,true,local/20260331T043152-k3-d7-p1-12-r2-i320-s1234,3.273212802205483;3.4810336556991177;2.750267945929376;3.0238777165165005;0.5595070094002931;5.834124498818531;5.778055132395436,2.5164613016534494;1.2214258904994915;2.1084227695331275;0.20598442582002663;1.3119245821025776;2.926699247171104;3.022205069782747
3,7,8,0.758706245354,true,local/20260331T043152-k3-d7-p1-12-r2-i320-s1234,3.267703373425811;3.4665052475348563;2.7664705763833286;3.027252698274161;0.5302294426400345;5.877044796740131;5.8353005021467474;5.777261462997193,2.517768077705002;1.2220656270391292;2.1032812152755413;0.1929908327989107;1.3006033061738507;2.8964658978543296;2.941109996118037;3.0344762757262216
3,7,9,0.766443201935,true,local/20260331T043152-k3-d7-p1-12-r2-i320-s1234,3.2629890332186813;3.4544201324816894;2.780023367394997;3.0312442837687543;0.5083282430123696;5.900788762493627;5.879929950432459;5.8344098083573055;5.776058073672833,2.51852597119958;1.223564275602529;2.097800335548351;0.1837868332122851;1.295415794875593;2.8807643057054078;2.9080033844044304;2.953118241202332;3.0433058728650257
3,7,10,0.772932294911,true,local/20260331T043152-k3-d7-p1-12-r2-i320-s1234,3.2585431920350327;3.443812955846418;2.7899911404128073;3.0334387211809455;0.4941218537192632;5.917129369247334;5.90557296941766;5.882282258708208;5.832854399374218;5.774811307059898,2.5185467844036844;1.2250815845858776;2.0947625287409597;0.1779925359037382;1.2929834641261397;2.8737861639891564;2.8914684942272353;2.9181495243261257;2.963513972499495;3.0508396333831334
3,7,11,0.778760214189,true,local/20260331T043152-k3-d7-p1-12-r2-i320-s1234,3.2580077324995864;3.437855166773294;2.7932523577991484;3.032245176194622;0.4898594120412064;5.922187888101452;5.91186841943535;5.897219238516073;5.869548679103173;5.814303196565583;5.7568138604461065,2.5175212106351843;1.225124449769308;2.099428380105147;0.1769770929664053;1.2883505198997414;2.863567046995858;2.875750809041636;2.8949361502254147;2.924667898184309;2.9748929500031767;3.059884512000634
3,7,12,0.782540928448,true,origin/stephen-apr6-results/20260401T022535-k3-d7-p9-15-r2-i320-s1234,0.16536103261602142;0.09272212879578941;3.4889538752615112;3.021068508316658;0.5067064269911649;0.36253501040911273;0.3768727207306824;0.39190553586568344;0.4221149323218878;0.47826298218274643;0.5224766542559178;0.5236313232082486,0.8640386334134803;0.49863055479025437;2.617842295707172;2.9507220313545535;0.28757535974707604;0.2818817911108353;0.2679771916610839;0.2494661610892837;0.21393024298195143;0.15166696229886906;0.07367351230542012;0.06148789386746323
3,7,13,0.858036436291,true,origin/stephen-apr6-results/20260401T022535-k3-d7-p9-15-r2-i320-s1234,0.16536103261602142;0.09272212879578944;3.4889538752615112;3.021068508316658;0.5067064269911649;0.36253501040911273;0.3768727207306824;0.39190553586568344;0.42211493232188785;0.47826298218274643;0.5224766542559178;0.5236313232082486;0.5236313232082486,0.8640386334134803;0.49863055479025437;2.617842295707172;2.9507220313545535;0.28757535974707604;0.2818817911108353;0.2679771916610839;0.2494661610892837;0.21393024298195143;0.15166696229886906;0.07367351230542012;0.06148789386746321;0.061487893867463214
3,8,1,0.620630694864,true,local/20260331T043309-k3-d8-p1-12-r2-i320-s1234,0.3802188543050168,0.288791111189221
3,8,2,0.664733284711,true,local/20260331T043309-k3-d8-p1-12-r2-i320-s1234,0.2901085028115522;0.4800435424927932,0.3528686056653027;0.20850517616827527
3,8,3,0.692062773065,true,local/20260331T043309-k3-d8-p1-12-r2-i320-s1234,2.892806339902555;0.4132519655478043;0.4704942389769398,1.945518769825441;0.27752592556244565;0.17068046935493872
3,8,4,0.710680775126,true,origin/stephen-apr6-results/20260331T233020-k3-d8-p1-15-r2-i320-s1234,2.9183640659961334;0.37389127481834017;0.41462544660415107;0.4676394243441167,1.9513371594389055;0.300682386766102;0.24504039005577466;0.14617168421616314
3,8,5,0.724527039205,true,origin/stephen-apr6-results/20260331T233020-k3-d8-p1-15-r2-i320-s1234,2.9360580526514637;0.34928642732497434;0.3775334388218734;0.4142554726343145;0.46592755744492337,1.9546016635230106;0.30928861354785653;0.27040195670239797;0.2244353551870204;0.12853646373719524
3,8,6,0.735252695827,true,origin/stephen-apr6-results/20260331T233020-k3-d8-p1-15-r2-i320-s1234,2.9490949347915736;0.3309562680461796;0.35506461136794376;0.37669468509517356;0.41312288617573256;0.46524065222209554,1.955707627796716;0.31251619477424813;0.28125022158184393;0.2532500186682737;0.20816015999382084;0.1150338116703038
3,8,7,0.743840537901,true,origin/stephen-apr6-results/20260331T233020-k3-d8-p1-15-r2-i320-s1234,2.9592650965265563;0.31687759546819105;0.339037134911691;0.3548707042569854;0.3739615687289993;0.41281198753228876;0.4651882939905892,1.9558418880575703;0.3135121650968761;0.2857649131156257;0.2668863899007597;0.23993755568384614;0.19453986551446428;0.10435859811450221
3,8,8,0.750894040158,true,local/20260331T043309-k3-d8-p1-12-r2-i320-s1234,2.9674395638969058;0.3055184818727726;0.3267674139566095;0.3398964355464627;0.3519949567842411;0.3716394653033357;0.4133710775378661;0.46558010907569003,1.9554471099632695;0.31322092742753765;0.2874065236976969;0.2734166479786021;0.25591381822364984;0.22867231222181725;0.18273531182141486;0.09562027946558102
3,8,9,0.756813412291,true,origin/stephen-apr6-results/20260331T233020-k3-d8-p1-15-r2-i320-s1234,2.9742105821782743;0.2959345585709749;0.3168428608165028;0.3286116617053926;0.33701678672651647;0.34904773234754843;0.3702332637149641;0.4146245191295915;0.4662982209745769,1.9546626525091568;0.31213673870192205;0.28749825106319116;0.27616519802137607;0.26425334923931354;0.24668310281063083;0.21861610057927253;0.17227076221581625;0.08825546797275899
3,8,10,0.761973546975,true,origin/stephen-apr6-results/20260331T233020-k3-d8-p1-15-r2-i320-s1234,2.980852906187546;0.28781048426602324;0.3097517700075317;0.31983024294829965;0.32665172562426686;0.3345759790251718;0.34776606522132236;0.3694564539791275;0.42116336537560256;0.4724662994505951,1.953343041046551;0.31234834624529045;0.28733556207975725;0.2777439299300479;0.26929690755748;0.258490112878763;0.23886222958226994;0.21066544734915235;0.16467333868623232;0.08262751947515264
3,8,11,0.767317510321,true,origin/stephen-apr6-results/20260401T022656-k3-d8-p11-15-r2-i320-s1234,2.980719004811818;0.2899854955055593;0.30869482994038705;0.31516991467292316;0.3253875255974931;0.3422038998304888;0.3477422454807135;0.37505760433350127;0.4174359536193094;0.4677593874100595;0.47647892838439226,1.9545964769753217;0.3117755381004613;0.28445927913224656;0.2703649010001835;0.27059424522249936;0.2582958578783289;0.23698508132976784;0.21080302421585734;0.17035221150718816;0.11171488803344352;0.05048280681311382
3,8,12,0.801349079025,true,origin/stephen-apr6-results/20260401T022656-k3-d8-p11-15-r2-i320-s1234,2.9804524541541153;0.28977909874949953;0.3082871986252873;0.3158013425382579;0.32488375138644965;0.3437964910833486;0.34487657891842827;0.37421909001224335;0.41746860160482613;0.467197408922344;0.4756438940829537;0.47632676479536884,1.9540166754358628;0.31199677787707725;0.284119280036603;0.2696242064179985;0.2698265528339488;0.2576635245942408;0.23644891418272523;0.20999567928161003;0.1699896070508919;0.11166438288840887;0.05087938189180492;0.05008046296053136
3,8,13,0.610845554615,true,origin/stephen-apr6-results,2.980383053135355;0.2897778983800298;0.3083538744670388;0.31578881102152423;0.3249163060875296;0.34379199608278105;0.34493823193757595;0.3742212013003887;0.4174643109224662;0.4672455599132718;0.47544774860364375;0.47640154525935574;0.4763312597959364,1.9540541337739255;0.31202808964239415;0.28415159636644066;0.2695764300104513;0.2698377903353676;0.2576700627768845;0.23647635241535614;0.20998443326693259;0.16998430329075256;0.1116575254585658;0.050875908482275474;0.05008143985696152;0.05007493572735246
3,8,14,0.500000000000,true,origin/stephen-apr6-results,2.980383053135355;0.2897778983800298;0.3083538744670388;0.31578881102152423;0.3249163060875296;0.34379199608278105;0.34493823193757595;0.3742212013003887;0.4174643109224662;0.4672455599132718;0.47544774860364375;0.47640154525935574;0.4763312597959364;0.4763312597959364,1.9540541337739255;0.31202808964239415;0.28415159636644066;0.2695764300104513;0.2698377903353676;0.2576700627768845;0.23647635241535614;0.20998443326693259;0.16998430329075256;0.1116575254585658;0.050875908482275474;0.05008143985696152;0.05007493572735246;0.05007493572735246
3,8,15,0.500000000000,true,origin/stephen-apr6-results,2.980383053135355;0.2897778983800298;0.3083538744670388;0.31578881102152423;0.3249163060875296;0.34379199608278105;0.34493823193757595;0.3742212013003887;0.4174643109224662;0.4672455599132718;0.47544774860364375;0.47640154525935574;0.4763312597959364;0.4763312597959364;0.4763312597959364,1.9540541337739255;0.31202808964239415;0.28415159636644066;0.2695764300104513;0.2698377903353676;0.2576700627768845;0.23647635241535614;0.20998443326693259;0.16998430329075256;0.1116575254585658;0.050875908482275474;0.05008143985696152;0.05007493572735246;0.05007493572735246;0.05007493572735246
4,5,1,0.666029441080,true,local/20260401T010935-k4-d5-p1-11-r2-i320-s1234,5.77615886154457,1.3373708849395642
4,5,2,0.727176266715,true,local/20260401T010935-k4-d5-p1-11-r2-i320-s1234,5.890000264083629;5.65372600891602,1.2928974103131294;1.398147655497664
4,5,3,0.764453585875,true,local/20260401T010935-k4-d5-p1-11-r2-i320-s1234,5.943506227187102;5.735964660851048;5.660318593761734,1.2841729948205827;1.3439322797630524;1.4254054503064162
4,5,4,0.789496028107,true,local/20260401T010935-k4-d5-p1-11-r2-i320-s1234,5.975272798141875;5.786202477512336;5.732344024354939;5.664444876349468,1.285309725215067;1.334626962654822;1.3628320909912814;1.443180690143491
4,5,5,0.807821743609,true,local/20260401T010935-k4-d5-p1-11-r2-i320-s1234,5.996607192627439;5.8156375158327585;5.7787164672959905;5.735924770352633;5.667838321193747,1.2871445711705187;1.333992892026226;1.3520617222535773;1.3749232043984863;1.4564605600710687
4,5,6,0.821877187175,true,origin/stephen-apr6-results/20260331T232833-k4-d5-p1-15-r2-i320-s1234,0.271171554491301;0.4459294924327696;0.47796385033302147;0.5015336136820698;0.5418895372136936;0.6135102991496479,1.85214150654831;0.2347984021645532;0.22164585629950484;0.20918612558473346;0.18599287595003364;0.10386346969601981
4,5,7,0.833005591607,true,origin/stephen-apr6-results/20260331T232833-k4-d5-p1-15-r2-i320-s1234,0.25921858342907234;0.4293659892531424;0.45898648102052386;0.475299872809367;0.495299867338333;0.5376536827033976;0.6127595082822416,1.8497337406134229;0.23222421143354516;0.22051002412267726;0.21472054964130055;0.20216729144385936;0.17742925893288833;0.0954815450763665
4,5,8,0.842037153480,true,origin/stephen-apr6-results/20260331T232833-k4-d5-p1-15-r2-i320-s1234,0.24963427956772405;0.41600053826200745;0.44455825558261647;0.4574509576565781;0.4679380561050636;0.4894283256712181;0.5347053828202329;0.6125754766197239,1.8474004757325284;0.22939862208578057;0.2184513936692326;0.21469778945347187;0.21008345554756916;0.19630234599104313;0.16980571452873156;0.08863135481655585
4,5,9,0.849520211129,true,local/20260401T010935-k4-d5-p1-11-r2-i320-s1234,6.041355207716759;5.878241486498342;5.85021920614136;5.839215097887074;5.832926955656998;5.822791509331747;5.7983804741018625;5.750236474206601;5.670238889791546,1.2963887187158558;1.3441892625234748;1.3549025950566698;1.3575639606893841;1.359682109591207;1.3644086004561125;1.3797284344554217;1.4079203880017286;1.4879401525414244
4,5,10,0.855869587563,true,local/20260401T010935-k4-d5-p1-11-r2-i320-s1234,6.04781212873083;5.888510955419404;5.859613720799676;5.849453228837441;5.844710276033084;5.839036523005966;5.831204616353161;5.8021109147183365;5.745187552831144;5.659561629457051,1.2985406512337063;1.3472466508699357;1.3575679922511845;1.3591853260555207;1.360027838053157;1.362910236492109;1.3692055896941375;1.3853661731519782;1.4148270800420246;1.494225543337557
4,5,11,0.861425017719,true,origin/stephen-apr6-results/20260401T022606-k4-d5-p11-15-r2-i320-s1234,0.2334213536601585;0.3967225738565388;0.4252273579375905;0.4330259772464007;0.43626162718957184;0.43722244179718006;0.4454302553930396;0.47179465352912103;0.5155320958068703;0.5699264031399374;0.6474094370549651,1.844434892651783;0.22521756370264567;0.21528724287167125;0.21356489898695738;0.21302514668330327;0.2105032600558777;0.20958723797224038;0.20821623741752407;0.1829613606494077;0.1431296574246575;0.06608455873087701
4,5,12,0.868811370051,true,origin/stephen-apr6-results/20260401T022606-k4-d5-p11-15-r2-i320-s1234,0.23480849331485432;0.3968420467583101;0.42491722483270666;0.43160846193606583;0.43870003795752166;0.43852448198651284;0.4407935444519794;0.4756747703921774;0.5101795434532944;0.5726626993592774;0.6434383042077744;0.6473465200831089,1.8603974701376813;0.22283478406059726;0.21097703565763815;0.21093450116242954;0.2152893024049612;0.20738574569734874;0.21107376356102733;0.201061175466597;0.1921684350444875;0.13351618146143313;0.08804406987313623;0.04674445225070309
4,5,13,0.810109928847,true,origin/stephen-apr6-results,0.23480849331486103;0.39684204675830725;0.424917224832708;0.43160846193606534;0.4387000379575199;0.43852448198651267;0.4407935444519778;0.47567477039217604;0.5101795434532983;0.5726626993592813;0.6434383042077763;0.6473465200831058;0.6473465200831081,1.860397470137685;0.22283478406059948;0.21097703565763518;0.21093450116242932;0.21528930240496089;0.20738574569734872;0.21107376356102633;0.20106117546659724;0.19216843504448886;0.13351618146143554;0.08804406987313601;0.04674445225070405;0.046744452250702645
4,6,1,0.650449645147,true,local/20260401T010450-k4-d6-p1-11-r2-i320-s1234,3.6018124567450025,1.8047796500253757
4,6,2,0.706214179347,true,local/20260401T010450-k4-d6-p1-11-r2-i320-s1234,3.4979637716391703;3.7067291909991504,1.8470446924645774;1.7431923079739313
4,6,3,0.740484176043,true,local/20260401T010450-k4-d6-p1-11-r2-i320-s1234,3.4496679104735732;3.6324392891807835;3.696023250955661,1.8562350716733353;1.7946076179521782;1.715364542969331
4,6,4,0.763757896280,true,local/20260401T010450-k4-d6-p1-11-r2-i320-s1234,3.4208655708829467;3.5876766316298396;3.6324379663830086;3.6901913063289666,1.8556416444000088;1.804902847056668;1.7749182114385942;1.697166305417403
4,6,5,0.780932593705,true,origin/fleet3-vm1,3.4013100815930573;3.560906373304961;3.5910876383175308;3.6280726874844085;3.686006270038854,1.8541578800016598;1.8061627497034547;1.7871720135743192;1.7624593742891945;1.683720639564942
4,6,6,0.794189581095,true,origin/stephen-apr6-results/20260331T232833-k4-d6-p1-15-r2-i320-s1234,3.3871884354880266;0.39976925957245873;0.42545185533067564;0.4451293539632573;0.4810500104893636;0.5418036092040266,1.8521178973388195;0.23381963224753058;0.2196941704676841;0.2066318521862044;0.1815909727666246;0.10238776644701279
4,6,7,0.804756460561,true,origin/stephen-apr6-results/20260331T232833-k4-d6-p1-15-r2-i320-s1234,3.3762790246602083;0.38477165762255644;0.408402617807971;0.4218568564881469;0.4384721412028556;0.4768931453195625;0.5403488128473567,1.849905831693943;0.23152796283032318;0.219178465978237;0.21245078140950988;0.19934823356740247;0.17283929365524622;0.09393039620026726
4,6,8,0.813390728582,true,origin/stephen-apr6-results/20260331T232833-k4-d6-p1-15-r2-i320-s1234,3.3675753874907555;0.3727301872157457;0.39544002761814745;0.4057807785722434;0.4148556265891832;0.4325921023785981;0.474110186563161;0.5396367791706789,1.8477236787691673;0.22894787183934726;0.21742097582373338;0.21316103160668068;0.20755831794247856;0.19314682897906907;0.1650014863182609;0.08696212762960766
4,6,9,0.820605414999,true,origin/stephen-apr6-results/20260331T232833-k4-d6-p1-15-r2-i320-s1234,3.3602437320577376;0.36218945656344265;0.38511005239303797;0.3946161997206837;0.39967736065189463;0.4083165062361459;0.4276748016014166;0.4764235779364715;0.5465012417937227,1.845270274883479;0.22596720006266593;0.21546179402088902;0.21247147963083404;0.20927833190991255;0.20266436664860188;0.18716269155931398;0.15804380240885285;0.08044101284526788
4,6,10,0.826935929132,true,local/20260401T010450-k4-d6-p1-11-r2-i320-s1234,3.357316352607833;3.5005450222025867;3.5216727574303235;3.530373093810894;3.5357210516952047;3.543546728367715;3.560736303131188;3.588088304962438;3.639905334521612;3.7066171238641705,1.8453944129517836;1.7972144299799597;1.7850080444676206;1.7850264399104572;1.7832634523912196;1.782976621373166;1.7772901686020384;1.757905210536654;1.722280795941465;1.6447495906653713
4,6,11,0.835707409410,true,origin/stephen-apr6-results/20260331T232833-k4-d6-p1-15-r2-i320-s1234,3.351995878138867;0.356723194211888;0.3847613415879111;0.3918940101511457;0.39743233104557374;0.39983362840134673;0.4161284983671589;0.4471508512492588;0.5003695022230544;0.5626376718028993;0.568810859570358,1.8373013009738257;0.22677096341208447;0.2143388378987104;0.21852743451099796;0.21742536672576035;0.20955149530849956;0.20223271471740673;0.18544900030366568;0.14686757417097096;0.10008863248729032;0.041887369104224526
4,6,12,0.942914063317,true,origin/stephen-apr6-results/20260401T022525-k4-d6-p12-15-r2-i320-s1234,3.3519958781388666;0.356723194211889;0.38476134158791253;0.39189401015114556;0.3974323310455774;0.3998336284013438;0.4161284983671583;0.4471508512492588;0.5003695022230524;0.5626376718028975;0.5688108595703598;0.5688108595703569,1.837301300973825;0.22677096341208203;0.21433883789871316;0.2185274345109985;0.2174253667257584;0.20955149530849906;0.20223271471740747;0.18544900030366607;0.14686757417097196;0.10008863248729104;0.04188736910422509;0.04188736910422389
4,6,13,0.543308132257,true,origin/stephen-apr6-results,3.359772847159216;0.3784320201318338;0.38862641445199764;0.44829243009538616;0.2930979664805664;0.4058956900513297;0.3605980246099403;0.44488153361443916;0.5104232122227312;0.5564625963264765;0.5470850815764496;0.5628437295345761;0.5768936084370051,1.889233414497345;0.2808096546603548;0.2156497982853623;0.19762439717353703;0.23961224113152413;0.25949456548675903;0.2305946645995945;0.21543382873346323;0.15833621727761982;0.10480808987922657;0.03316270170342472;0.04541679090379636;0.03972993515757525
4,6,14,0.500000000000,true,origin/stephen-apr6-results,3.359772847159216;0.3784320201318338;0.38862641445199764;0.44829243009538616;0.2930979664805664;0.4058956900513297;0.3605980246099403;0.44488153361443916;0.5104232122227312;0.5564625963264765;0.5470850815764496;0.5628437295345761;0.5768936084370051;0.5768936084370051,1.889233414497345;0.2808096546603548;0.2156497982853623;0.19762439717353703;0.23961224113152413;0.25949456548675903;0.2305946645995945;0.21543382873346323;0.15833621727761982;0.10480808987922657;0.03316270170342472;0.04541679090379636;0.03972993515757525;0.03972993515757525
4,7,1,0.638570346665,true,local/20260401T011015-k4-d7-p1-11-r2-i320-s1234,0.4243867839055824,0.23436715225838906
4,7,2,0.690169240157,true,local/20260401T011015-k4-d7-p1-11-r2-i320-s1234,0.328349127700255;0.5173389469520254,0.27516935797907305;0.17225638938684207
4,7,3,0.722030054121,true,local/20260401T011015-k4-d7-p1-11-r2-i320-s1234,0.2839347103099851;0.44901166867534054;0.5045735214853009,0.28463874576686443;0.22182295384790385;0.14406137294698101
4,7,4,0.743813356837,true,local/20260401T011015-k4-d7-p1-11-r2-i320-s1234,0.2574052102105014;0.40824025973694716;0.44683446945288796;0.4977250547801515,0.28439842090207484;0.23267562191167815;0.2015494892327903;0.12559447175766966
4,7,5,0.759980131544,true,origin/stephen-apr6-results/20260331T232833-k4-d7-p1-15-r2-i320-s1234,0.2392733614206542;0.38359681108136845;0.4093728181134916;0.4419845917766013;0.4929980461307192,0.2831491354202743;0.23438809273092545;0.21467420526104483;0.1887349732303255;0.11202276833526582
4,7,6,0.772513069996,true,origin/stephen-apr6-results/20260331T232833-k4-d7-p1-15-r2-i320-s1234,0.22616606546762785;0.3656165483130195;0.3872294236298978;0.4044181308204507;0.4366628297918826;0.48997597963723616,0.28128880051287936;0.23312752579966844;0.21835827166887561;0.20478413033943108;0.17845697554997858;0.10141221467569157
4,7,7,0.782544205234,true,origin/stephen-apr6-results/20260331T232833-k4-d7-p1-15-r2-i320-s1234,0.21606586005467818;0.35182605077245455;0.3716403412318383;0.3831082664143691;0.39773899671304014;0.43271299558817705;0.4881403816721592,0.27921686834679216;0.23104678229184744;0.21821252082009882;0.2108184317213216;0.1973450537657299;0.16953659742318533;0.09288593028993106
4,7,8,0.790780908381,true,local/20260401T011015-k4-d7-p1-11-r2-i320-s1234,0.2080241290552065;0.3408009608067179;0.3598146416295905;0.3684700988288453;0.37633250647386884;0.39200548238917593;0.4301432170784371;0.4871219915420523,0.27715616000638255;0.22866064760248148;0.2167076680519459;0.21201457797568943;0.20563296208928694;0.1909565641966274;0.1615405436770712;0.08583667475568015
4,7,9,0.797778943873,true,local/20260401T011015-k4-d7-p1-11-r2-i320-s1234,0.20165098703744835;0.33181954046512163;0.3490445581354714;0.35698569111330725;0.36214865207934566;0.36913648276694044;0.3859956251576938;0.4302876284758775;0.4905674621511811,0.27507704114085696;0.2256166574288873;0.21391531280314247;0.21110870169568405;0.20768416937086978;0.19997425934095808;0.18432127783949964;0.15429592645290452;0.07960210008493408
4,7,10,0.805966404455,true,local/20260401T011015-k4-d7-p1-11-r2-i320-s1234,0.20150549316600946;0.3314340946027671;0.3492719258844901;0.3571617455668981;0.36240794831098744;0.36898804515424855;0.38779221375894296;0.42650471930119693;0.4778078447167961;0.49307121878055804,0.2750535568109316;0.22538406951172182;0.21279119814576755;0.2107626683274327;0.20837393784426478;0.20026944859719148;0.18907988381933363;0.1642418740685238;0.1115297177999242;0.04464554092408179
4,7,11,0.856492025593,true,origin/stephen-apr6-results/20260401T022636-k4-d7-p11-15-r2-i320-s1234,0.20253993279425875;0.3291506831999505;0.3532221179578529;0.3524112007679573;0.36027018304178837;0.3726528115795801;0.38217167903944715;0.4271261688618766;0.48857464877251805;0.5034498641614873;0.5023042311920296,0.27719516752850243;0.23127227104808884;0.21179424579253367;0.20921759685969507;0.20526466739828378;0.19147492428563637;0.1913447290837141;0.166388639037896;0.10847568497783916;0.05440755117447261;0.04172623341910638
4,7,12,0.579516194874,true,origin/stephen-apr6-results,0.19260674215190104;0.3543242365120889;0.31208394685918955;0.41947915762096993;0.4443464514121596;0.3662753910378171;0.41385595905316525;0.521341140984658;0.48899979926490783;0.34158301382962675;0.5154338858534289;0.49616554249500067,0.2779962531185584;0.2484316830249741;0.21676030462880336;0.09412732443175084;0.11310286451120172;0.1722544687688424;0.2019143352491804;0.20804815980041966;0.10539611798262821;0.059838929895079836;0.018109683419861234;0.03659949140186283
4,7,13,0.500000000001,true,origin/stephen-apr6-results,0.19260674215190104;0.3543242365120889;0.31208394685918955;0.41947915762096993;0.4443464514121596;0.3662753910378171;0.41385595905316525;0.521341140984658;0.48899979926490783;0.34158301382962675;0.5154338858534289;0.49616554249500067;0.49616554249500067,0.2779962531185584;0.2484316830249741;0.21676030462880336;0.09412732443175084;0.11310286451120172;0.1722544687688424;0.2019143352491804;0.20804815980041966;0.10539611798262821;0.059838929895079836;0.018109683419861234;0.03659949140186283;0.03659949140186283
4,7,14,0.500000000000,true,origin/stephen-apr6-results,0.19260674215190104;0.3543242365120889;0.31208394685918955;0.41947915762096993;0.4443464514121596;0.3662753910378171;0.41385595905316525;0.521341140984658;0.48899979926490783;0.34158301382962675;0.5154338858534289;0.49616554249500067;0.49616554249500067;0.49616554249500067,0.2779962531185584;0.2484316830249741;0.21676030462880336;0.09412732443175084;0.11310286451120172;0.1722544687688424;0.2019143352491804;0.20804815980041966;0.10539611798262821;0.059838929895079836;0.018109683419861234;0.03659949140186283;0.03659949140186283;0.03659949140186283
4,8,1,0.629124931820,true,local/20260401T010533-k4-d8-p1-11-r2-i320-s1234,2.7457815561698506,1.3361488836211115
4,8,2,0.677373882496,true,local/20260401T010533-k4-d8-p1-11-r2-i320-s1234,2.835515495793571;2.661605999368192,1.2963868400070169;1.3986252232834213
4,8,3,0.707259474725,true,local/20260401T010533-k4-d8-p1-11-r2-i320-s1234,2.8768777600578046;2.725227248061848;2.675422199273477,1.2867335738914543;1.3503688808546084;1.4270762024367707
4,8,4,0.727784152190,true,origin/stephen-apr6-results/20260331T232833-k4-d8-p1-15-r2-i320-s1234,2.901600746121196;2.7629278268498716;2.728771152456631;2.6828577445458532,1.2867288505481476;1.339165796425593;1.3710795075796802;1.4457264342680785
4,8,5,0.743078062960,true,local/20260401T010533-k4-d8-p1-11-r2-i320-s1234,2.9185681702573842;2.7858550144091505;2.7632034370694507;2.733935381284372;2.687940889004239,1.2878103084471288;1.3371235284441374;1.3574034576781688;1.3841924128787921;1.4593867267148937
4,8,6,0.754972475143,true,origin/fleet3-vm3,0.2107471936703698;0.3390051792403591;0.35779535664736606;0.37318669598329995;0.4024347332315899;0.4503664018488938,0.2812570036839903;0.23261723811876645;0.21738243137194485;0.20335980512991111;0.17613177974884175;0.10073655664706134
4,8,7,0.764521056142,true,origin/stephen-apr6-results/20260331T232833-k4-d8-p1-15-r2-i320-s1234,2.9402963685213606;2.8154214176335652;2.7982504219407693;2.7881972977303877;2.774941645230327;2.7429318492553754;2.693302737478925,1.2915090774207336;1.3401047401486241;1.3533094061971584;1.3611800189961512;1.3749975785095323;1.4037356533143104;1.4786409500446844
4,8,8,0.772395707725,true,origin/stephen-apr6-results/20260331T232833-k4-d8-p1-15-r2-i320-s1234,2.947646759849555;2.8255295039507584;2.8093993554790373;2.802018537501943;2.7949630740488014;2.780331201476637;2.745231522372918;2.694513322400724,1.2933322362714215;1.3424304962389748;1.35482468829825;1.3598493291184512;1.3666724102660939;1.3815241351322598;1.4118929011755392;1.485794424638456
4,8,9,0.779383870175,true,local/20260401T010533-k4-d8-p1-11-r2-i320-s1234,2.953453460218815;2.830473509914472;2.8139439999585703;2.8079088935183405;2.8031634038521416;2.792976750687144;2.7741656217169526;2.732718459378725;2.6801229720581707,1.293652068361561;1.3420319594471082;1.3527667407635975;1.358582354756296;1.36077817598753;1.3677735102807607;1.3840329975105603;1.4189202478241143;1.4929539290259937
4,8,10,0.799629008532,true,local/20260401T010533-k4-d8-p1-11-r2-i320-s1234,2.9537411249708883;2.8341974574453723;2.815674367360487;2.80637431373478;2.80423594597277;2.7965660425466154;2.7734079330466184;2.733977953145097;2.6858253957695184;2.6791154442674547,1.2938893700253946;1.346470164140516;1.350885308858014;1.3566782545743068;1.363968492576278;1.370053291982161;1.3833544127887234;1.419688579888919;1.4631200440323062;1.525240132787604
4,8,11,0.818175680263,false,origin/stephen-apr6-results,2.955028502397141;2.8338830974664235;2.8163162594636737;2.8086245654294952;2.799510172148851;2.798790225759098;2.777565800226772;2.7399716945826325;2.6915112955065292;2.6879026930893857;2.6879026930893857,1.2946454282735298;1.3327435707306876;1.3593213825795296;1.3651730255722636;1.3673031318407978;1.3754228423298038;1.3892050790242918;1.4201315559369616;1.4614593488413257;1.5233098133402683;1.5233098133402683
4,8,12,0.500000000027,true,origin/stephen-apr6-results/20260331T232833-k4-d8-p1-15-r2-i320-s1234,5.557182026954813;4.145817043962971;0.7922248530748632;5.162735698721718;1.350674258995447;3.5607440772796366;4.717349201931498;3.646798479246435;0.3360542431741038;2.797779841941768;1.4270191238115615;0.49067668087150196,0.5258666134342889;1.717287258899372;0.9212136944245302;2.782402106152098;0.3807640788736073;1.0693284242131647;3.0480178359385484;2.5180896708620857;2.7384340977358868;0.7961932506714433;0.9088457001188743;2.1814693398214153
4,8,13,0.500000000000,true,origin/stephen-apr6-results,2.9515336418588065;2.8452661455920794;2.832490563770906;2.8033602871408205;2.8017074361302106;2.8333666159102187;2.776650273567872;2.747158578854997;2.6809522213738832;2.689207318578318;2.696417091017155;2.686834578654002;2.686834578654002,1.2685739147722181;1.350490675145187;1.38153394674642;1.3413946725506654;1.3655162492401518;1.3649800419411793;1.3902685952984102;1.4193097641348884;1.4603317770136819;1.5269055706721089;1.5248516864186201;1.523603697766167;1.523603697766167
4,8,14,0.500000000000,true,origin/stephen-apr6-results,2.9515336418588065;2.8452661455920794;2.832490563770906;2.8033602871408205;2.8017074361302106;2.8333666159102187;2.776650273567872;2.747158578854997;2.6809522213738832;2.689207318578318;2.696417091017155;2.686834578654002;2.686834578654002;2.686834578654002,1.2685739147722181;1.350490675145187;1.38153394674642;1.3413946725506654;1.3655162492401518;1.3649800419411793;1.3902685952984102;1.4193097641348884;1.4603317770136819;1.5269055706721089;1.5248516864186201;1.523603697766167;1.523603697766167;1.523603697766167
5,6,1,0.658625024633,true,local/20260401T061933-k5-d6-p1-11-r2-i320-s1234,0.47516883211514493,0.1996306687576617
5,6,2,0.717596564136,true,local/20260401T061933-k5-d6-p1-11-r2-i320-s1234,0.373557015355491;0.5683343090261261,0.22820030805549218;0.1485224570581864
5,6,3,0.753676130935,true,origin/fleet5-vm0-final,0.3261509283441488;2.643685507182205;3.6951937359739673,1.3392005261921685;1.382937629780114;1.444730339463213
5,6,4,0.778129588987,true,origin/stephen-apr6-results/20260331T232833-k5-d6-p1-15-r2-i320-s1234,0.29837752201714646;0.45501634640612154;0.49251589176263355;0.5443526304496027,0.22861346965474097;0.19259283765828145;0.17430650662918906;0.11126126480542574
5,6,5,0.796091882450,true,origin/stephen-apr6-results/20260331T232833-k5-d6-p1-15-r2-i320-s1234,0.2796145275258113;0.42981369187708146;0.45345989245628376;0.48373226030451166;0.5373415371833183,0.22555584924766053;0.19135913422352968;0.18109863534943219;0.16572418184245566;0.1002339664280417
5,6,6,0.809911709556,true,origin/stephen-apr6-results/20260331T232833-k5-d6-p1-15-r2-i320-s1234,0.26622635722827537;0.411659565324719;0.4309463282154493;0.4450144095846545;0.47482604773973147;0.5325257461357037,0.22263507163121485;0.18845208661799684;0.1817529895320825;0.17500012295022288;0.15861354730829172;0.09143416149894305
5,6,7,0.820886055158,true,local/20260401T061933-k5-d6-p1-11-r2-i320-s1234,0.2559776893355693;0.39770070192817936;0.4151250523346062;0.42305178497973384;0.4352727489786707;0.46795529179098866;0.5294477277262897,0.21987802706022658;0.18539582224080314;0.17981270417467113;0.17780041834047028;0.17049868570831536;0.15220260109218953;0.08424241730401945
5,6,8,0.829836717988,true,local/20260401T061933-k5-d6-p1-11-r2-i320-s1234,0.2483241028830261;0.3872657324401757;0.4032597562693183;0.4077937339721479;0.4123071589326727;0.4267694892982938;0.46312500269863643;0.5280769964913627,0.21766081391770595;0.18261972453040942;0.1772346022107808;0.17671088352265113;0.17517955336316626;0.16657287920765326;0.14626236894210795;0.07824393522801408
5,6,9,0.837659435700,true,local/20260401T061933-k5-d6-p1-11-r2-i320-s1234,0.24084753554277294;0.3771482077148251;0.3947701246875606;0.39846559681593313;0.40052258427865883;0.4061848461839964;0.4217220007907215;0.4664113819162131;0.5400908339064953,0.21495289901163422;0.1801731806743488;0.17516518458465455;0.17617370189211412;0.17557691575312934;0.17343290870501274;0.16219074708477113;0.14055912983233707;0.07147375964750284
5,6,10,0.852930032871,true,origin/stephen-apr6-results/20260331T232833-k5-d6-p1-15-r2-i320-s1234,0.24741847542166612;0.3839466991741384;0.3991526546704809;0.4065253228207981;0.4071010494996952;0.4219133186842577;0.4468495649247365;0.49350488105057244;0.541310118751114;0.5418140276588999,0.22056374701891718;0.1811004624322123;0.17488120992782277;0.17820873104956292;0.18133134132411818;0.1760977375865504;0.16894700926166714;0.1337817265756675;0.08991296156527757;0.04099106722359987
5,6,11,0.784897456207,true,origin/fleet3-vm4,0.24096582955107926;0.37979466110396887;0.3974950945728711;0.3991884024058802;0.40105918771436383;0.40562161796665225;0.41809717670530444;0.4658053509742718;0.5342189191128699;0.5411419093316996;0.5406654219277071,0.22013034157600242;0.18538202552130936;0.17980862132888695;0.1764318145188431;0.17387533994884619;0.1729865930443121;0.16414384554687958;0.1353243968844811;0.09730470244031218;0.04679706131016982;0.04332627872360365
5,6,12,0.500000061626,true,origin/stephen-apr6-results,3.340538744810391;0.043684900175061436;0.24115455099117264;0.4932518404165283;0.8038244072762505;5.775122208280313;0.10409243179672997;2.345734433734277;3.9619589536945825;3.142726181474503;1.8201091406410852;1.8201091406410852,1.8689893485605917;2.0915557314313764;2.8750544008906687;1.2744488079976641;1.2372788040400597;1.113100566032128;1.1664849482790416;2.7346732838608196;2.2152782656518455;2.5895253431788783;0.05722420883733813;0.05722420883733813
5,6,13,0.500000000000,true,origin/stephen-apr6-results,3.340538744810391;0.043684900175061436;0.24115455099117264;0.4932518404165283;0.8038244072762505;5.775122208280313;0.10409243179672997;2.345734433734277;3.9619589536945825;3.142726181474503;1.8201091406410852;1.8201091406410852;1.8201091406410852,1.8689893485605917;2.0915557314313764;2.8750544008906687;1.2744488079976641;1.2372788040400597;1.113100566032128;1.1664849482790416;2.7346732838608196;2.2152782656518455;2.5895253431788783;0.05722420883733813;0.05722420883733813;0.05722420883733813
5,6,14,0.500000000000,true,origin/stephen-apr6-results,3.340538744810391;0.043684900175061436;0.24115455099117264;0.4932518404165283;0.8038244072762505;5.775122208280313;0.10409243179672997;2.345734433734277;3.9619589536945825;3.142726181474503;1.8201091406410852;1.8201091406410852;1.8201091406410852;1.8201091406410852,1.8689893485605917;2.0915557314313764;2.8750544008906687;1.2744488079976641;1.2372788040400597;1.113100566032128;1.1664849482790416;2.7346732838608196;2.2152782656518455;2.5895253431788783;0.05722420883733813;0.05722420883733813;0.05722420883733813;0.05722420883733813
5,6,15,0.500000000000,true,origin/stephen-apr6-results,3.340538744810391;0.043684900175061436;0.24115455099117264;0.4932518404165283;0.8038244072762505;5.775122208280313;0.10409243179672997;2.345734433734277;3.9619589536945825;3.142726181474503;1.8201091406410852;1.8201091406410852;1.8201091406410852;1.8201091406410852;1.8201091406410852,1.8689893485605917;2.0915557314313764;2.8750544008906687;1.2744488079976641;1.2372788040400597;1.113100566032128;1.1664849482790416;2.7346732838608196;2.2152782656518455;2.5895253431788783;0.05722420883733813;0.05722420883733813;0.05722420883733813;0.05722420883733813;0.05722420883733813
5,7,1,0.646186354604,true,local/20260401T115014-k5-d7-p1-11-r2-i320-s1234,0.43825481579232495,0.20008475043612303
5,7,2,0.700817902678,true,origin/p710-results/swarm-k5d7,5.938941411098752;3.6616255073232993,1.798318109075491;2.993041810629725
5,7,3,0.734428791034,true,origin/p710-results/swarm-k5d7,3.442252811795284;3.5969081087001915;0.5033653405936873,0.23119076694405316;2.955181869164585;1.4450461132940866
5,7,4,0.757393337275,true,origin/stephen-apr6-results/20260331T232833-k5-d7-p1-15-r2-i320-s1234,0.27508485366050056;0.416283741189956;0.4481190223937888;0.49332113416085077,0.22851683349202737;0.19169072538410006;0.17233217907032367;0.1106939587236407
5,7,5,0.774382304123,true,origin/stephen-apr6-results/20260331T232833-k5-d7-p1-15-r2-i320-s1234,0.2576805107538953;0.3930686276395132;0.41274214886219407;0.43930507842585714;0.4861140491258072,0.22565489674619665;0.19082808292697373;0.17995297822404127;0.1634555530991473;0.09953148440638067
5,7,6,0.787526193237,true,local/20260401T115014-k5-d7-p1-11-r2-i320-s1234,0.24524545134994621;0.37636435296942655;0.3919919568410689;0.4039932183055537;0.4308624198718396;0.48113312927521845,0.2228757920475675;0.18815544864995543;0.18089014476341828;0.17372881715404012;0.1561802857158022;0.09066144500230534
5,7,7,0.798026144159,true,origin/stephen-apr6-results/20260331T232833-k5-d7-p1-15-r2-i320-s1234,0.23573840945759456;0.363507674773723;0.3775068031102688;0.3839848232651685;0.39447840631110037;0.4244228910569029;0.4778262392582581,0.22022243351489312;0.1852510482933766;0.17926488729128165;0.17672171568846518;0.16909578315042625;0.14963811625980988;0.08342097360587841
5,7,8,0.806705267105,true,local/20260401T115014-k5-d7-p1-11-r2-i320-s1234,0.22872782613343892;0.3519838319828968;0.36612995545241966;0.3703980508915778;0.372961506956193;0.38473500973394065;0.4211138558854962;0.4767111933058696,0.2176412695694909;0.18200773269806367;0.17670378532916892;0.17563338122787445;0.17306304833739714;0.1648967378238543;0.14376217405463235;0.0775029139401717
5,7,9,0.814970005934,true,origin/stephen-apr6-results/20260331T232833-k5-d7-p1-15-r2-i320-s1234,0.22454928838983843;0.3500965720714779;0.3649114374274515;0.37033806005760445;0.3715297024375619;0.38214010806139737;0.4076900303993447;0.45405700657778875;0.4984448290586068,0.2188933189183256;0.18210247879833752;0.1789237704006955;0.1785748851632998;0.1790843707101905;0.17727202763677974;0.16463781294561583;0.12952099150972995;0.05958724299539214
5,7,10,0.882955281825,true,local/20260401T115014-k5-d7-p1-11-r2-i320-s1234,0.22824013540090726;0.351528302573531;0.3659762042056401;0.3702166714545004;0.3732685933452821;0.38511106756140817;0.42304960900287886;0.47079040137313377;0.47826694357606164;0.4783091401867665,0.21837552095824242;0.18112399686874273;0.17522718859306366;0.17625882101927376;0.17234366876580395;0.16446151485712024;0.13959390883493605;0.10891188666014251;0.04617475261658817;0.04607269569767407
5,7,11,0.564380356576,true,origin/stephen-apr6-results,0.22332149547638774;0.3505910165661923;0.36504161197639545;0.3694654937657717;0.37013829136617143;0.3836764564807027;0.4080849982154403;0.4543885321602596;0.49780061333510434;0.4976417756365363;0.4990370894208261,0.2123515963907999;0.18353468858614175;0.17943269081037075;0.17886574903650843;0.17834881479974984;0.17666677477616394;0.1646612920437462;0.12957056548224183;0.05933397429455501;0.05997158940914893;0.059947500551078864
5,7,12,0.500000000000,true,origin/stephen-apr6-results,0.22332149547638774;0.3505910165661923;0.36504161197639545;0.3694654937657717;0.37013829136617143;0.3836764564807027;0.4080849982154403;0.4543885321602596;0.49780061333510434;0.4976417756365363;0.4990370894208261;0.4990370894208261,0.2123515963907999;0.18353468858614175;0.17943269081037075;0.17886574903650843;0.17834881479974984;0.17666677477616394;0.1646612920437462;0.12957056548224183;0.05933397429455501;0.05997158940914893;0.059947500551078864;0.059947500551078864
5,7,13,0.500000000000,true,origin/stephen-apr6-results,0.22332149547638774;0.3505910165661923;0.36504161197639545;0.3694654937657717;0.37013829136617143;0.3836764564807027;0.4080849982154403;0.4543885321602596;0.49780061333510434;0.4976417756365363;0.4990370894208261;0.4990370894208261;0.4990370894208261,0.2123515963907999;0.18353468858614175;0.17943269081037075;0.17886574903650843;0.17834881479974984;0.17666677477616394;0.1646612920437462;0.12957056548224183;0.05933397429455501;0.05997158940914893;0.059947500551078864;0.059947500551078864;0.059947500551078864
5,7,14,0.500000000000,true,origin/stephen-apr6-results,0.22332149547638774;0.3505910165661923;0.36504161197639545;0.3694654937657717;0.37013829136617143;0.3836764564807027;0.4080849982154403;0.4543885321602596;0.49780061333510434;0.4976417756365363;0.4990370894208261;0.4990370894208261;0.4990370894208261;0.4990370894208261,0.2123515963907999;0.18353468858614175;0.17943269081037075;0.17886574903650843;0.17834881479974984;0.17666677477616394;0.1646612920437462;0.12957056548224183;0.05933397429455501;0.05997158940914893;0.059947500551078864;0.059947500551078864;0.059947500551078864;0.059947500551078864
5,8,1,0.636280516324,true,local/20260401T034640-k5-d8-p1-11-r2-i320-s1234,3.550393879368669,0.20041636820674302
5,8,2,0.687409029390,true,origin/p710-results/swarm-k5d8,5.96225258865148;0.48232773442840327,1.7978450754086406;0.14858443856760128
5,8,3,0.718981135459,true,origin/p710-results/swarm-k5d8,0.2803521536652686;0.4221070174788741;5.818437187380373,0.23089996470208313;1.7561925452880196;1.6963357601178508
5,8,4,0.740669009249,true,origin/stephen-apr6-results/20260331T232833-k5-d8-p1-15-r2-i320-s1234,2.885069796941789;3.5276329394487997;3.55543833125153;3.5958875752467163,1.7992372147155804;0.19102703063444756;0.17091484013305042;0.11030598605020422
5,8,5,0.756793864602,true,local/20260401T034640-k5-d8-p1-11-r2-i320-s1234,3.3818220122456526;3.5060234124707716;3.5229387909035923;3.546646915903104;3.5885692083459815,0.22571893106573504;0.1904383460045307;0.17907895430383228;0.16177974843216406;0.09904632542040137
5,8,6,0.769319380985,true,origin/stephen-apr6-results/20260331T232833-k5-d8-p1-15-r2-i320-s1234,2.913022906697888;3.4904710494142703;3.503620181260453;3.5141801305213964;3.5385964066431197;3.5835201021742025,1.7938392723713275;0.18793205325240142;0.18025679881816814;0.17274265439174905;0.15434423114957882;0.090115216670507
5,8,7,0.779367338748,true,local/20260401T034640-k5-d8-p1-11-r2-i320-s1234,3.3612642317155688;3.4785393670041067;3.490208779215379;3.495627564976455;3.5049823806066045;3.5325423570136736;3.580116712973539,0.22048105472765012;0.18516434076500762;0.17884926328867923;0.1759015071122461;0.1680116872239089;0.14768176347157114;0.08283125586195295
5,8,8,0.787939273886,true,origin/stephen-apr6-results/20260331T232833-k5-d8-p1-15-r2-i320-s1234,2.9290064690627644;3.4681643223952427;3.4800621949675;3.4828655277217395;3.485854073983734;3.496994790836133;3.5295542011368437;3.5797490160181584,1.7888022842213227;0.18188225650743042;0.17683140527132027;0.1752772582668841;0.17252569166935283;0.163386491958454;0.14114576026954698;0.0762931518828213
5,8,9,0.801331449990,true,local/20260401T034640-k5-d8-p1-11-r2-i320-s1234,3.3550504713169396;3.4749243674216914;3.4850454898317635;3.489720190522952;3.495749850932505;3.5109416212695987;3.5421233017414377;3.582723805997508;3.592059394080588,0.22026288948823758;0.18696407178169183;0.1787558537481853;0.1781803600492607;0.1772453008243815;0.16933536749680234;0.14313071037252925;0.10679822085472837;0.04309826635197128
5,8,11,0.500796533935,true,local/20260401T041836-k5-d8-p11-11-r2-i320-s1234,2.1325839860735485;1.647523712303169;3.9959313605706086;2.8349745073475816;4.3740241234965325;5.389487959783118;0.894317306203142;0.8106015784787672;0.14792237467805336;4.706726450151997;6.017955615147798,1.6354848062371126;0.702496029536885;3.0058546866307445;1.0613581821241063;2.0363151202571466;0.13656281845591778;1.4108250115245689;0.16552492819963405;0.3064816060675035;2.4845154399671934;0.17360023283300308
5,8,12,0.500000000000,true,origin/stephen-apr6-results,2.1325839860735485;1.647523712303169;3.9959313605706086;2.8349745073475816;4.3740241234965325;5.389487959783118;0.894317306203142;0.8106015784787672;0.14792237467805336;4.706726450151997;6.017955615147798;6.017955615147798,1.6354848062371126;0.702496029536885;3.0058546866307445;1.0613581821241063;2.0363151202571466;0.13656281845591778;1.4108250115245689;0.16552492819963405;0.3064816060675035;2.4845154399671934;0.17360023283300308;0.17360023283300308
5,8,13,0.500000000000,true,origin/stephen-apr6-results,2.1325839860735485;1.647523712303169;3.9959313605706086;2.8349745073475816;4.3740241234965325;5.389487959783118;0.894317306203142;0.8106015784787672;0.14792237467805336;4.706726450151997;6.017955615147798;6.017955615147798;6.017955615147798,1.6354848062371126;0.702496029536885;3.0058546866307445;1.0613581821241063;2.0363151202571466;0.13656281845591778;1.4108250115245689;0.16552492819963405;0.3064816060675035;2.4845154399671934;0.17360023283300308;0.17360023283300308;0.17360023283300308
5,8,14,0.500000000000,true,origin/stephen-apr6-results,2.1325839860735485;1.647523712303169;3.9959313605706086;2.8349745073475816;4.3740241234965325;5.389487959783118;0.894317306203142;0.8106015784787672;0.14792237467805336;4.706726450151997;6.017955615147798;6.017955615147798;6.017955615147798;6.017955615147798,1.6354848062371126;0.702496029536885;3.0058546866307445;1.0613581821241063;2.0363151202571466;0.13656281845591778;1.4108250115245689;0.16552492819963405;0.3064816060675035;2.4845154399671934;0.17360023283300308;0.17360023283300308;0.17360023283300308;0.17360023283300308
5,8,15,0.500000000000,true,origin/stephen-apr6-results,2.1325839860735485;1.647523712303169;3.9959313605706086;2.8349745073475816;4.3740241234965325;5.389487959783118;0.894317306203142;0.8106015784787672;0.14792237467805336;4.706726450151997;6.017955615147798;6.017955615147798;6.017955615147798;6.017955615147798;6.017955615147798,1.6354848062371126;0.702496029536885;3.0058546866307445;1.0613581821241063;2.0363151202571466;0.13656281845591778;1.4108250115245689;0.16552492819963405;0.3064816060675035;2.4845154399671934;0.17360023283300308;0.17360023283300308;0.17360023283300308;0.17360023283300308;0.17360023283300308
6,7,1,0.652695526988,true,local/20260401T031011-k6-d7-p1-11-r2-i320-s1234,3.59166425408145,2.965492877925421
6,7,2,0.709563562343,true,origin/fleet3-vm7,3.500068280562812;3.6647236201636706,2.9461708221405787;0.13170928318103226
6,7,3,0.744380869190,true,local/20260401T031011-k6-d7-p1-11-r2-i320-s1234,3.457476492904615;3.6033116303357846;3.644754430749877,2.9456390158169574;0.16230706059144756;3.0291257448444138
6,7,4,0.768094243166,true,local/20260401T031011-k6-d7-p1-11-r2-i320-s1234,3.432720970121681;3.5657906038818665;3.5916321710557497;3.632364072394907,2.9494305470098086;0.16462771703680254;2.989538771367662;0.09965862112929358
6,7,5,0.785559889308,true,origin/stephen-apr6-results/20260331T233021-k6-d7-p1-15-r2-i320-s1234,3.4158616482738244;3.543695854964453;3.557800032706272;3.5796414532335437;3.6233753636921393,2.952942759540051;0.1626042825626685;2.98487167209743;0.1455669550407308;3.0514879053834707
6,7,6,0.799028052891,true,local/20260401T031011-k6-d7-p1-11-r2-i320-s1234,3.403869376573571;3.52794641470954;3.5380530033529163;3.5458389338614213;3.5688397966872665;3.616965831247816,2.9560107318880062;0.15944071164669738;2.985205580774331;0.1527033496853399;3.0014964391972425;0.08242911333800729
6,7,7,0.809762160136,true,local/20260401T031011-k6-d7-p1-11-r2-i320-s1234,3.394743172144363;3.515706870781751;3.524093312253158;3.5264381850460693;3.534031120760751;3.5606746566186898;3.6127239936693614,2.9588035422034524;0.15626905705791155;2.987468028301537;0.1541655808614878;2.9918842397864074;0.13505088485691094;3.065488556926123
6,7,8,0.819282871487,true,origin/stephen-apr6-results/20260331T233021-k6-d7-p1-15-r2-i320-s1234,3.3870876616586965;3.504757367630458;3.5125258343595096;3.512893055244551;3.51437093557126;3.5251190594925443;3.560233470724154;3.617866367027907,2.961781416690674;0.15310056395332233;2.9905768160300883;0.15250971936167207;2.9890670322502335;0.14739772577097837;3.0100352842509155;0.0706236298828653
6,7,9,0.846686598714,true,origin/stephen-apr6-results/20260331T233021-k6-d7-p1-15-r2-i320-s1234,3.3864109881154567;3.5027666090800915;3.508739124123366;3.512377810577692;3.513406435888166;3.5250800490466156;3.5626749053723;3.621166684548485;3.6172331873407093,2.959875443403533;0.15107707437336243;2.991642752016308;0.15303244993115056;2.9876935989863234;0.14706020399287736;3.0141361078042195;0.05898820209040495;0.005952737515487312
6,7,10,0.764215519615,true,origin/fleet3-vm7,3.387579343875144;3.508663617837942;3.5208720790185106;3.523733239629261;3.519688123707921;3.535055572080879;3.5707857200925166;3.6306657086437206;3.6255877582985643;3.6235168979450205,2.9426006444100885;0.15315597013480578;2.96741573122901;0.14807615641390065;2.9833664609276758;0.14404159719951912;3.0266640429110456;0.05852337182073049;3.1337944338724877;3.13966542258427
6,7,11,0.500000000000,true,local/20260401T031011-k6-d7-p1-11-r2-i320-s1234,2.3797803064932537;2.3263607434774176;2.9842167846222574;3.380234583598829;4.911913024218756;2.4361945770039064;4.244450071347319;3.5200784021361273;5.915374010737345;3.7747490115829736;3.7747490115829736,0.7060408045593554;1.427472700531089;1.6507664892133371;1.1568125873448956;2.595627094518949;1.1858083047928636;2.547054832785195;2.2189882186724184;2.1108481415253677;2.086434079035012;2.086434079035012
6,7,12,0.500000000000,true,origin/fleet3-vm7,3.387579343875144;3.508663617837942;3.5208720790185106;3.523733239629261;3.519688123707921;3.535055572080879;3.5707857200925166;3.6306657086437206;3.6255877582985643;3.6235168979450205;3.6235168979450205;3.6235168979450205,2.9426006444100885;0.15315597013480578;2.96741573122901;0.14807615641390065;2.9833664609276758;0.14404159719951912;3.0266640429110456;0.05852337182073049;3.1337944338724877;3.13966542258427;3.13966542258427;3.13966542258427
6,7,13,0.500000000000,true,origin/stephen-apr6-results,2.3797803064932537;2.3263607434774176;2.9842167846222574;3.380234583598829;4.911913024218756;2.4361945770039064;4.244450071347319;3.5200784021361273;5.915374010737345;3.7747490115829736;3.7747490115829736;3.7747490115829736;3.7747490115829736,0.7060408045593554;1.427472700531089;1.6507664892133371;1.1568125873448956;2.595627094518949;1.1858083047928636;2.547054832785195;2.2189882186724184;2.1108481415253677;2.086434079035012;2.086434079035012;2.086434079035012;2.086434079035012
6,7,14,0.500000000000,true,origin/stephen-apr6-results,2.3797803064932537;2.3263607434774176;2.9842167846222574;3.380234583598829;4.911913024218756;2.4361945770039064;4.244450071347319;3.5200784021361273;5.915374010737345;3.7747490115829736;3.7747490115829736;3.7747490115829736;3.7747490115829736;3.7747490115829736,0.7060408045593554;1.427472700531089;1.6507664892133371;1.1568125873448956;2.595627094518949;1.1858083047928636;2.547054832785195;2.2189882186724184;2.1108481415253677;2.086434079035012;2.086434079035012;2.086434079035012;2.086434079035012;2.086434079035012
6,8,1,0.642402453911,true,local/20260401T011057-k6-d8-p1-11-r2-i320-s1234,0.41987507683040287,0.17646271844723702
6,8,2,0.695667219631,true,local/20260401T011057-k6-d8-p1-11-r2-i320-s1234,0.3342319554367167;0.4850600800128922,0.1951225489469026;0.13181402891690747
6,8,3,0.728416690696,true,origin/fleet3-vm8,0.2945870735553931;0.4279245921304386;0.46428441048709485,0.19582878368472154;0.16152122030015487;0.11234200078832358
6,8,4,0.750860989207,true,origin/stephen-apr6-results/20260331T232833-k6-d8-p1-15-r2-i320-s1234,0.2715368942014355;0.393278670343317;0.4154402211680912;0.4516132012213954,0.19223006752870256;0.16417629750348164;0.15089455650450892;0.09936953418888557
6,8,5,0.767488743555,true,local/20260401T011057-k6-d8-p1-11-r2-i320-s1234,0.2557593610781891;0.37270813222827637;0.38438452234309434;0.40375425786701924;0.44269482170205005,0.1888366399349657;0.16238550166754714;0.15607437830119983;0.14418667436266014;0.08971989770937466
6,8,6,0.780373400042,true,local/20260401T011057-k6-d8-p1-11-r2-i320-s1234,0.244521171319094;0.3580519879443405;0.3659928856238092;0.372637519763238;0.3935714776355725;0.4363616322692652,0.18585283626841795;0.1593611678950304;0.15592968860722764;0.1519613918373465;0.1385857673017882;0.0819854599051731
6,8,7,0.790717791145,true,local/20260401T011057-k6-d8-p1-11-r2-i320-s1234,0.23589591523112885;0.34647657008892135;0.35307928334704475;0.3545656760604524;0.3612610073750363;0.38599315707241816;0.4321091067407813,0.18311382838350126;0.1562377921975143;0.1537193638405202;0.1534901510790186;0.14892854247719534;0.13347984919113717;0.07564071912177166
6,8,8,0.800834611529,true,origin/stephen-apr6-results/20260331T232833-k6-d8-p1-15-r2-i320-s1234,0.22856070006573245;0.338395575015047;0.347477612123778;0.3487289129555226;0.35214116258684275;0.3657183954338304;0.3961124224381461;0.44419305614300736,0.1801376053194135;0.15575561711264163;0.15306331275291332;0.15468628346622942;0.15733631284941516;0.14972323313013516;0.1323192510093755;0.06923812311820007
6,8,9,0.861686770735,true,origin/stephen-apr6-results/20260331T232833-k6-d8-p1-15-r2-i320-s1234,0.2283591744430263;0.3384770770983899;0.34766610642648577;0.3487946385815941;0.3519295321490891;0.36599490759952974;0.3961539595101888;0.44363270209036887;0.44431870181740557,0.18176555763511199;0.15208797025504045;0.1524513000437133;0.15445555662778884;0.16162245204105238;0.15299992127874718;0.13082573475667744;0.07325230323025722;0.06496331949113086
6,8,10,0.551620674166,false,origin/fleet3-vm8,0.232896613948599;0.34412993548809057;0.3460006696727623;0.35067739333253595;0.35436699335069555;0.37195112075626774;0.4058319618373432;0.43532691145447894;0.4411412050774678;0.4411806756912468,0.1818317343639935;0.14749470575172152;0.16927365312387044;0.16503784620271708;0.15053376062081714;0.14456788531552786;0.12493604800569398;0.08234262737632926;0.038467109803712325;0.03804908012141557
6,8,11,0.500000000000,true,origin/fleet3-vm8,0.232896613948599;0.34412993548809057;0.3460006696727623;0.35067739333253595;0.35436699335069555;0.37195112075626774;0.4058319618373432;0.43532691145447894;0.4411412050774678;0.4411806756912468;0.4411806756912468,0.1818317343639935;0.14749470575172152;0.16927365312387044;0.16503784620271708;0.15053376062081714;0.14456788531552786;0.12493604800569398;0.08234262737632926;0.038467109803712325;0.03804908012141557;0.03804908012141557
6,8,12,0.500000000000,true,origin/fleet3-vm8,0.232896613948599;0.34412993548809057;0.3460006696727623;0.35067739333253595;0.35436699335069555;0.37195112075626774;0.4058319618373432;0.43532691145447894;0.4411412050774678;0.4411806756912468;0.4411806756912468;0.4411806756912468,0.1818317343639935;0.14749470575172152;0.16927365312387044;0.16503784620271708;0.15053376062081714;0.14456788531552786;0.12493604800569398;0.08234262737632926;0.038467109803712325;0.03804908012141557;0.03804908012141557;0.03804908012141557
6,8,13,0.500000000000,true,origin/stephen-apr6-results/20260331T232833-k6-d8-p1-15-r2-i320-s1234,6.211021190170718;5.3445134563634085;3.784115940018511;2.5293096873460756;3.795732657951871;3.1593455426214216;4.270377868319654;1.143035409395427;5.6747094952846195;1.4607148200247282;1.4607148200247282;1.4607148200247282;1.4607148200247282,2.4796383529754484;2.6360913404314505;1.7988714627278173;2.450381637964608;2.630926323020131;3.093223566888538;0.5311327305198688;2.156038298747081;1.5496228581239608;1.4409762661975198;1.4409762661975198;1.4409762661975198;1.4409762661975198
6,8,14,0.500000000000,true,origin/stephen-apr6-results/20260331T232833-k6-d8-p1-15-r2-i320-s1234,6.211021190170718;5.3445134563634085;3.784115940018511;2.5293096873460756;3.795732657951871;3.1593455426214216;4.270377868319654;1.143035409395427;5.6747094952846195;1.4607148200247282;1.4607148200247282;1.4607148200247282;1.4607148200247282;1.4607148200247282,2.4796383529754484;2.6360913404314505;1.7988714627278173;2.450381637964608;2.630926323020131;3.093223566888538;0.5311327305198688;2.156038298747081;1.5496228581239608;1.4409762661975198;1.4409762661975198;1.4409762661975198;1.4409762661975198;1.4409762661975198
6,8,15,0.500000000000,true,origin/stephen-apr6-results,6.211021190170718;5.3445134563634085;3.784115940018511;2.5293096873460756;3.795732657951871;3.1593455426214216;4.270377868319654;1.143035409395427;5.6747094952846195;1.4607148200247282;1.4607148200247282;1.4607148200247282;1.4607148200247282;1.4607148200247282;1.4607148200247282,2.4796383529754484;2.6360913404314505;1.7988714627278173;2.450381637964608;2.630926323020131;3.093223566888538;0.5311327305198688;2.156038298747081;1.5496228581239608;1.4409762661975198;1.4409762661975198;1.4409762661975198;1.4409762661975198;1.4409762661975198;1.4409762661975198
7,8,1,0.647730808612,true,swarm/swarm-k7d8.csv,0.4295035045491004,0.15859679349527867
7,8,2,0.702648639883,true,swarm/swarm-k7d8.csv,3.48770209484435;0.48767033237750484,2.969563316203125;1.4516277860715627
7,8,3,0.736252836891,true,swarm/swarm-k7d8.csv,0.3073812690615036;2.708354474790482;5.819013249400007,1.7416787541239038;0.14410078163828446;1.6730532520163972
7,8,4,0.759208520320,true,origin/stephen-apr6-results/20260331T232833-k7-d8-p1-15-r2-i320-s1234,2.8566134250412434;3.5413987793911668;3.558612400545588;3.5913627571618947,1.737531763084981;0.1450176901543966;0.13608645941496705;0.09090423953089392
7,8,5,0.776148485417,true,origin/stephen-apr6-results/20260331T232833-k7-d8-p1-15-r2-i320-s1234,2.8720123272843345;3.521670244824041;3.5286672598371;3.5445416783419654;3.581227525826079,1.7338651826806128;0.14263625020881046;0.13949237710952309;0.13099845631024798;0.08241468032444393
7,8,6,0.789241443381,true,origin/stephen-apr6-results/20260331T232833-k7-d8-p1-15-r2-i320-s1234,2.8829830677361983;3.5077251966059078;3.5109885405548034;3.5143812205216625;3.5326720914072176;3.573910222298009,1.7308108438122187;0.1394468608704673;0.13866883534492386;0.13684239309243748;0.12660993715358781;0.07555980247933844
7,8,7,0.799904225463,true,origin/stephen-apr6-results/20260331T232833-k7-d8-p1-15-r2-i320-s1234,2.895111139130266;3.4930516968445002;3.4974520898598143;3.4987068282723226;3.5010190794588376;3.527421306006796;3.5709147696996455,1.726329820678636;0.1350104464519801;0.13671887304576447;0.1378621675706216;0.1359411564022978;0.1236111865456419;0.06981206555111226
7,8,8,0.817282355859,true,origin/stephen-apr6-results/20260331T232833-k7-d8-p1-15-r2-i320-s1234,2.894467097575622;3.4938833323750367;3.4978255708588186;3.4986969437773934;3.5010647338111065;3.5288002749651026;3.56715833396379;3.5712731235986754,1.7246801476243994;0.13361198155616136;0.13420897588035408;0.13710067918779997;0.13407872095997503;0.12136997288880026;0.0926696051064975;0.04845303727115915
7,8,9,0.804210174707,true,origin/fleet3-vm9,6.128623982934718;3.08860526284077;3.8833354404617544;2.982597271380543;3.433945831577842;3.89300691145998;3.582242340394502;3.5932882538742725;3.605111793958607,2.170735841927151;0.5542875891214794;1.6733432550963543;3.1376383472692675;2.994109321653817;0.14725244483658245;0.1364297749741469;0.13157094477395362;0.08132557981671777
7,8,10,0.500000000000,true,origin/fleet3-vm9,6.128623982934718;3.08860526284077;3.8833354404617544;2.982597271380543;3.433945831577842;3.89300691145998;3.582242340394502;3.5932882538742725;3.605111793958607;3.605111793958607,2.170735841927151;0.5542875891214794;1.6733432550963543;3.1376383472692675;2.994109321653817;0.14725244483658245;0.1364297749741469;0.13157094477395362;0.08132557981671777;0.08132557981671777
7,8,11,0.500000000000,true,origin/fleet3-vm9,6.128623982934718;3.08860526284077;3.8833354404617544;2.982597271380543;3.433945831577842;3.89300691145998;3.582242340394502;3.5932882538742725;3.605111793958607;3.605111793958607;3.605111793958607,2.170735841927151;0.5542875891214794;1.6733432550963543;3.1376383472692675;2.994109321653817;0.14725244483658245;0.1364297749741469;0.13157094477395362;0.08132557981671777;0.08132557981671777;0.08132557981671777
7,8,12,0.500000000000,true,origin/fleet3-vm9,6.128623982934718;3.08860526284077;3.8833354404617544;2.982597271380543;3.433945831577842;3.89300691145998;3.582242340394502;3.5932882538742725;3.605111793958607;3.605111793958607;3.605111793958607;3.605111793958607,2.170735841927151;0.5542875891214794;1.6733432550963543;3.1376383472692675;2.994109321653817;0.14725244483658245;0.1364297749741469;0.13157094477395362;0.08132557981671777;0.08132557981671777;0.08132557981671777;0.08132557981671777
7,8,13,0.500000000000,true,origin/stephen-apr6-results,2.894842886287274;3.493454541875949;3.496589240261425;3.4975285163064087;3.5046951325967073;3.5266831460898036;3.565846390748944;3.571182709930769;3.5703714099968606;3.5703714099968606;3.5703714099968606;3.5703714099968606;3.5703714099968606,1.7295484318315053;0.13569257218269629;0.13331397624750752;0.1404016140931899;0.1323616265490587;0.12235431598382418;0.08923405628527539;0.052790950861887266;0.0460246490104471;0.0460246490104471;0.0460246490104471;0.0460246490104471;0.0460246490104471
7,8,14,0.500000000000,true,origin/stephen-apr6-results,2.894842886287274;3.493454541875949;3.496589240261425;3.4975285163064087;3.5046951325967073;3.5266831460898036;3.565846390748944;3.571182709930769;3.5703714099968606;3.5703714099968606;3.5703714099968606;3.5703714099968606;3.5703714099968606;3.5703714099968606,1.7295484318315053;0.13569257218269629;0.13331397624750752;0.1404016140931899;0.1323616265490587;0.12235431598382418;0.08923405628527539;0.052790950861887266;0.0460246490104471;0.0460246490104471;0.0460246490104471;0.0460246490104471;0.0460246490104471;0.0460246490104471
