# Composite best c̃ per (k,D,p) — F64 (below precision wall) + D64
# Generated 2026-04-15 10:10
k,D,p,ctilde,source,gamma,beta
3,4,1,0.676056660061,f64/local/20260331T042916-k3-d4-p1-12-r2-i320-s1234,3.6916431695847245,0.28737134801591857
3,4,2,0.739122784672,f64/local/20260331T042916-k3-d4-p1-12-r2-i320-s1234,2.7191318368502895;3.862785932585072,1.9343887453498883;0.2114574029218259
3,4,3,0.777144062579,f64/local/20260331T042916-k3-d4-p1-12-r2-i320-s1234,2.780197925127931;3.7658412617389994;3.870022135985064,1.9545683188631753;0.2954713531707407;0.17591776293047443
3,4,4,0.802204018074,f64/local/20260331T042916-k3-d4-p1-12-r2-i320-s1234,2.8172819068676733;3.7051754105795225;3.7832333095634487;3.8748789344321706,1.9578962937903273;0.3147950782521779;0.2661397412915824;0.15295439890593493
3,4,5,0.820480966926,f64/local/20260331T042916-k3-d4-p1-12-r2-i320-s1234,2.8421234091124763;3.6699133130449324;3.7264530288133795;3.7894212120886954;3.8795683897907236,1.9596364987761499;0.32072702744696546;0.2857074028313304;0.24670634737525182;0.13540521489637944
3,4,6,0.834391132449,f64/origin/stephen-apr6-results/20260331T232833-k3-d4-p1-15-r2-i320-s1234,2.860654665197588;0.5008281205560724;0.5512541738168453;0.5907501621225486;0.649547981341222;0.7420169968255372,1.9594372981900812;0.3216989018517114;0.2950087377069046;0.2695906631889056;0.23127252056018427;0.12222497052653626
3,4,7,0.845313272926,f64/origin/stephen-apr6-results/20260331T232833-k3-d4-p1-15-r2-i320-s1234,2.875635321973785;0.4795818271809037;0.5264329559852897;0.5558766990522427;0.5904077158469673;0.6496580773808265;0.7444342940999583,1.9586630012498856;0.3212878249385136;0.29692053605428864;0.28269898594839143;0.2579663953753847;0.21905623573339109;0.11247603572828939
3,4,8,0.854102061491,f64/local/20260331T042916-k3-d4-p1-12-r2-i320-s1234,2.887846412048007;3.6036004816993925;3.6490135224270133;3.674108994302764;3.6947527601684884;3.729638165239509;3.7905300845962246;3.8868988139570297,1.957501856629606;0.3196512685101759;0.2968096150915321;0.2861177426673958;0.2739567697134378;0.24890343584452104;0.20913006806116077;0.10499921373154052
3,4,9,0.861321028961,f64/origin/stephen-apr6-results/20260331T232833-k3-d4-p1-15-r2-i320-s1234,2.898016022762011;0.44723967641784035;0.4921022617824667;0.5152168888450642;0.5304411224450827;0.5483339491570132;0.5853509187661713;0.6480115992430046;0.7454161857688467,1.9561093266445673;0.31759201838400974;0.29532877811192226;0.2867715516144442;0.27889460165432634;0.2671426932057027;0.24140884570603294;0.2007860843044839;0.09896200364159667
3,4,10,0.867359618593,f64/origin/stephen-apr6-results/20260331T232833-k3-d4-p1-15-r2-i320-s1234,2.9065931998735315;0.43468718738869333;0.47933185793321625;0.5015545123152486;0.5140712193418007;0.5257895677321381;0.5434003675051691;0.582858454999428;0.6472126510253685;0.7453317250735234,1.9546640540014515;0.3153690676252151;0.2932974736540324;0.28579532766573595;0.28031617538117487;0.2735645167900465;0.26141388484370737;0.23492664524958565;0.193555509900558;0.09389397426211883
3,4,11,0.872489725464,f64/origin/stephen-apr6-results/20260331T232833-k3-d4-p1-15-r2-i320-s1234,2.913902436208289;0.42384730354229827;0.46853060938900876;0.4902411736211872;0.501301678835071;0.5099246938085098;0.5207838758995139;0.5389070377212523;0.5807534136306586;0.6466647007449121;0.7452938948193429,1.9532272576086207;0.3131332999008824;0.29106416471663826;0.284049199448916;0.2798705291427288;0.27577447873682936;0.2692183744634846;0.25635919115475103;0.22915513474586718;0.18714113703886215;0.08952459826503815
3,4,12,0.876905340561,f64/origin/stephen-apr6-results/20260401T022556-k3-d4-p12-15-r2-i320-s1234,2.9202113660026523;0.41430414808686455;0.459242616507614;0.4807513603598664;0.49079477587815246;0.49761217756613896;0.5049298258552292;0.515871284852859;0.5349674889027348;0.579071494670125;0.64643063963662;0.7454889733818263,1.9517760168323073;0.3109612920742403;0.28881112450248664;0.2820310643546148;0.2784573522861036;0.2758127421396335;0.2720588387390439;0.2653687043508077;0.2517863553113087;0.22392782405756442;0.18137614452510142;0.08569070645455229
3,4,13,0.880732724898,f64/origin/stephen-apr6-results,2.9259240447541752;0.4063401256928396;0.4513417506583604;0.47274681062141793;0.48161656854148177;0.48674832574684057;0.49372631571338044;0.5014696778091581;0.511630003989789;0.5310145803831907;0.5782399718531627;0.6510096305686411;0.7529080023751171,1.9509369783464787;0.3091208329827633;0.2868451526519101;0.27977384718906523;0.2761445353676687;0.27466681388171077;0.27337828819697624;0.26917572429081366;0.2615467055727334;0.24748930718256765;0.2194996827237565;0.17667322880083194;0.08214330466175507
3,5,1,0.655445198972,f64/local/20260331T043006-k3-d5-p1-12-r2-i320-s1234,3.628989454747739,2.8536248282575563
3,5,2,0.711560547762,f64/local/20260331T043006-k3-d5-p1-12-r2-i320-s1234,3.5146841552202623;3.7701534857983696,2.7827614884116034;0.21005189805844404
3,5,3,0.745876655551,f64/local/20260331T043006-k3-d5-p1-12-r2-i320-s1234,3.4612918537034756;3.6846184249663265;3.7684982222732835,2.76173569076017;0.2873656381552346;2.968208280791426
3,5,4,0.768844090898,f64/local/20260331T043006-k3-d5-p1-12-r2-i320-s1234,3.4283617154390975;3.6322911614051923;3.694661556411525;3.770110002482808,2.7572508258653294;0.308892892818878;2.884743355584691;0.14969365392800738
3,5,5,0.785709743804,f64/local/20260331T043006-k3-d5-p1-12-r2-i320-s1234,3.4059862404825934;3.6004896085863294;3.6444018394773763;3.697608527524607;3.771799684867735,2.7548626586750764;0.31574666923770267;2.8621089100507313;0.23734392124533069;3.0093169279106364
3,5,6,0.798643367187,f64/origin/stephen-apr6-results/20260331T232833-k3-d5-p1-15-r2-i320-s1234,3.389372495072318;3.5765460708951906;3.6152475974945557;3.646445822760669;3.6977270961680477;3.7735046520605096,2.7545199373462474;0.3178862561532487;2.852455648342566;0.26295230418914173;2.919824065698199;0.11903484178302115
3,5,7,0.808900424026,f64/origin/stephen-apr6-results/20260331T232833-k3-d5-p1-15-r2-i320-s1234,3.3763228496112285;3.5581801152434913;3.593878076047246;3.617912582992902;3.6448117715339166;3.697898454056021;3.7753185834314817,2.7549354539097775;0.3179462021640161;2.8493704188941975;0.2761955115183424;2.891249922284331;0.20876320751446942;3.0329269746556586
3,5,8,0.817250858892,f64/local/20260331T043006-k3-d5-p1-12-r2-i320-s1234,3.3658699610593157;3.5433031409529847;3.577783235092751;3.5978973759461863;3.6157711444688183;3.6429580616259685;3.6990082929251487;3.7774960826370636,2.755809694562122;0.31684906022591014;2.8487919213190316;0.280709420322837;2.874901590305598;0.23980143106427895;2.9441956625225743;0.10012286325984832
3,5,9,0.824202504492,f64/local/20260331T043006-k3-d5-p1-12-r2-i320-s1234,3.357344222103518;3.531106072446724;3.565023308735738;3.5832925893306258;3.596317948908716;3.6129835818362586;3.6422347972021867;3.7016269906466004;3.7806948213093836,2.7568790637639484;0.31531506984597457;2.84958351954048;0.28232096320957467;2.8691441671296514;0.25881845675799814;2.9113167951719294;0.18696085827721232;3.0489029048848355
3,5,10,0.830103713451,f64/local/20260331T043006-k3-d5-p1-12-r2-i320-s1234,3.3503179586840197;3.5209618076569247;3.5546890754403893;3.5719668631366224;3.5824459589680235;3.593698817738697;3.611285009757414;3.6431401599784516;3.7062630108107317;3.7855753096575135,2.7579996585681648;0.31361688925600356;2.850918542403834;0.28223446527516705;2.8664805467160055;0.26563631014484446;2.8900921147713037;0.22107878844456413;2.9646871909362655;0.08593330526125327
3,5,11,0.835196864974,f64/origin/stephen-apr6-results/20260331T232833-k3-d5-p1-15-r2-i320-s1234,3.345523621072101;3.5128908277435347;3.5456727905648617;3.5628837751268185;3.571663510646181;3.5787437765219057;3.5892525987997197;3.6119481635657578;3.646685102562919;3.7167064456198586;3.795221764267317,2.7591399692174967;0.3114226325094759;2.852466233548585;0.28127081891617095;2.8662509195394037;0.26786317320534275;2.8832826907103333;0.2443088814458798;2.9296551536634334;0.1672122308250828;3.0621174477615445
3,5,12,0.839623756787,f64/origin/stephen-apr6-results/20260401T022726-k3-d5-p12-15-r2-i320-s1234,3.341419194481807;3.5059237585259577;3.5414095482875134;3.5583303719342974;3.5655164812770033;3.5746450195216077;3.58621510048361;3.60185938348531;3.6259418336910847;3.6652153690849683;3.7591664526328166;3.8432157575764228,2.7601932558766364;0.31037993884991155;2.852902036572891;0.2803671667377719;2.8654618569295387;0.2725311698712379;2.8772095574630083;0.24843095055854314;2.9137307484612895;0.19299232796685284;2.997095227869053;0.06677945833145849
3,5,13,0.842939019160,f64/origin/stephen-apr6-results,3.338850450956096;3.5110132157807294;3.542575718532385;3.557134413791582;3.5666026764264207;3.572884679813694;3.5803022044023063;3.5982089762153193;3.622213140401806;3.6776704909807036;3.7520314606139746;3.833221139741797;3.8377856788298432,2.756638887585415;0.31477667288583533;2.8533889504781107;0.2816697813168935;2.867380920371862;0.2687098421374101;2.877774749505637;0.24399983491020524;2.925598733042194;0.18775585982988435;2.992566348731548;0.11069510031860297;3.0821494034848937
3,6,1,0.640718868498,f64/local/20260331T043052-k3-d6-p1-12-r2-i320-s1234,0.44225821680268584,0.2883436771122114
3,6,2,0.691798945824,f64/local/20260331T043052-k3-d6-p1-12-r2-i320-s1234,0.33797609192916933;2.576869029610892,1.9268215778713196;1.780088912437619
3,6,3,0.723248754631,f64/local/20260401T114415-k3-d6-p1-14-r2-i320-s1234,0.2897617588353273;0.4871176455449775;0.558715271502021,0.3774763069607525;0.28269043367223506;0.17204986609769293
3,6,4,0.744482066639,f64/local/20260401T114415-k3-d6-p1-14-r2-i320-s1234,0.25994383170031105;0.44045990512305844;0.4928899323005626;0.5581327880597226,0.38260527285282997;0.3051273714544864;0.25128281000245606;0.147946669198929
3,6,5,0.760163659266,f64/local/20260401T114415-k3-d6-p1-14-r2-i320-s1234,0.23947612162718535;0.41160609534010595;0.4482413428492515;0.49429214200287525;0.5582227983371922,0.38539726064808316;0.3127747995500904;0.27543175566785505;0.23138093856285702;0.13044542653250954
3,6,6,0.772240853157,d64/swarm-d64-k3d6.csv,6.0588329977979125;3.531666035639205;5.861344032019044;2.692928807425507;0.49385161561160246;0.5587976040715459,1.1847014319234226;1.255365347165606;2.856111163659318;1.3120922949137803;2.9260119045009385;1.4536960849122054
3,6,7,0.781862673769,f64/local/20260401T114415-k3-d6-p1-14-r2-i320-s1234,0.21253269983070763;0.37354258562922593;0.4028327336342363;0.4230912487938;0.44626667369920237;0.49383930634915174;0.559768931096866,0.3859248956205413;0.31590747290790205;0.2893027891843241;0.2718768800633365;0.24577003271479558;0.20232163867523023;0.10657487326827156
3,6,8,0.789729626457,f64/local/20260401T114415-k3-d6-p1-14-r2-i320-s1234,0.20304287007620392;0.3601865650078163;0.3883722779093325;0.4052407182924916;0.4206215844106958;0.44394611057920025;0.49469874957352006;0.5611166080373666,0.38527202139911054;0.3151914935630119;0.2903491690637127;0.2774741970565377;0.26169848556214265;0.23485972517657702;0.19077358100436873;0.09793860616667352
3,6,9,0.796296683237,f64/origin/stephen-apr6-results/20260331T232833-k3-d6-p1-15-r2-i320-s1234,0.19521423385427286;0.34909105712766597;0.3768012373155339;0.3919774334897764;0.4029313980395013;0.41777078874573625;0.4424941294912036;0.4963633166110129;0.5628567525187924,0.38437456137881076;0.313925428948246;0.2899927048617979;0.27966050106370455;0.26894058807919075;0.2532656700495688;0.22513820349559382;0.18049839149120955;0.09066724902563288
3,6,10,0.801875873877,f64/local/20260401T141240-k3-d6-p1-14-r2-i320-s1234,0.18859099683365085;0.3395751321866143;0.3671135298195639;0.38140593110410964;0.38988716644913574;0.39948204690409594;0.4154789425313905;0.4418247786798601;0.4984367614060668;0.5646541445918746,0.38331779336383176;0.3123121846793622;0.28887294417287834;0.2799648629223545;0.27225056995042407;0.2620362304689928;0.24574324001682368;0.2162964249270723;0.1713214082514946;0.08450277830071498
3,6,11,0.806743825390,f64/origin/stephen-apr6-results/20260401T022626-k3-d6-p11-15-r2-i320-s1234,0.18273963624789644;0.3302037467419467;0.3590738179280436;0.37240324998542323;0.37991472664329573;0.3874737480365784;0.39819996141064057;0.4139907160299143;0.44102632440683226;0.5058672371552317;0.5756412806981779,0.3812365765347383;0.31020039523795934;0.287690050912852;0.27913889629228933;0.27380079912787775;0.2675433897477534;0.2561846828608219;0.23749000475081852;0.20790086648857478;0.1637476645345408;0.07882151771017062
3,7,1,0.629519381067,f64/local/20260331T043152-k3-d7-p1-12-r2-i320-s1234,0.40773374676474355,0.28860227562747015
3,7,2,0.676725383483,f64/local/20260331T043152-k3-d7-p1-12-r2-i320-s1234,0.31129303317553486;2.6243790305837287,1.9249735137117763;1.3619736728738152
3,7,3,0.705903963232,d64/swarm-d64-k3d7.csv,3.4085282093470592;0.44562818977284147;2.632673353938303,2.7657183539573498;1.2911418794544518;1.7420279461302288
3,7,4,0.725710162242,d64/swarm-d64-k3d7.csv,6.043691762566224;2.7384990522395776;5.834445413792251;3.648538499045253,2.760180269925901;0.30254937731339515;1.818417975503999;1.4239129442490803
3,7,5,0.740397458097,d64/swarm-d64-k3d7.csv,3.3621486957198887;5.90658683884887;2.733232414221867;3.5906927637379615;2.635631440110802,1.955275627161269;0.3107570899492468;1.2982521970389964;1.7981285001996086;3.012290096521656
3,7,6,0.751745962603,d64/swarm-d64-k3d7.csv,3.348180391651597;0.3568556044014698;2.757461646331867;0.4079892482826223;5.834904669685364;5.777382314628832,0.38541363556021535;1.8845405243175806;1.2877666418395959;1.3151882897865401;2.9303109061644754;3.0257260876768224
3,7,7,0.760813367288,d64/swarm-d64-k3d7.csv,3.3372805199990445;0.3416975594638734;2.7747834950399;0.38449294623549946;5.87784721751585;5.8350570641496065;5.776996481488028,0.385418381627806;1.885317909942193;1.2835335672045225;1.3018176789617988;2.8991180264820597;2.9437654569980993;3.036342050202096
3,7,8,0.768246617692,d64/swarm-d64-k3d7.csv,3.328523354609617;0.32946422647818596;2.7880189601744694;0.36827555348047447;5.901422665372776;5.880230210027133;5.834344476857688;5.77619634091122,0.3849158596178624;1.8848486407273857;1.2821457673023087;1.2956408712608094;2.8832686209209535;2.9102301087560303;2.9554540839590775;3.045039910946043
3,7,9,0.774465062569,d64/swarm-d64-k3d7.csv,3.321293148396225;0.3192834335488556;2.7986069714515125;0.3561407354402846;5.917486495670802;5.904267880540936;5.881745361105383;5.832925571242406;5.77504809562845,0.3841352066180568;1.8837681140363567;1.2822162953781067;1.29307292740045;2.8752333570986197;2.892171163665486;2.9201397951826675;2.9658045345352093;3.052334273292568
3,7,10,0.779752189700,d64/swarm-d64-k3d7.csv,3.3151847952517843;0.31060237444820005;2.8073905599669096;0.3465667359619074;5.929258187538061;5.920739237428134;5.906402061615217;5.882443800589954;5.831038894807277;5.773681303326632,0.3831958221940806;1.882379954712617;1.2830665566380757;1.292346267932702;2.8714381139533995;2.882321590436663;2.9001827756513348;2.929180030663641;2.9750449087065913;3.0585312851596194
3,7,11,0.778760214189,f64/local/20260331T043152-k3-d7-p1-12-r2-i320-s1234,3.2580077324995864;3.437855166773294;2.7932523577991484;3.032245176194622;0.4898594120412064;5.922187888101452;5.91186841943535;5.897219238516073;5.869548679103173;5.814303196565583;5.7568138604461065,2.5175212106351843;1.225124449769308;2.099428380105147;0.1769770929664053;1.2883505198997414;2.863567046995858;2.875750809041636;2.8949361502254147;2.924667898184309;2.9748929500031767;3.059884512000634
3,8,1,0.620630694864,f64/local/20260331T043309-k3-d8-p1-12-r2-i320-s1234,0.3802188543050168,0.288791111189221
3,8,2,0.664733284711,f64/local/20260331T043309-k3-d8-p1-12-r2-i320-s1234,0.2901085028115522;0.4800435424927932,0.3528686056653027;0.20850517616827527
3,8,3,0.692062773065,f64/local/20260331T043309-k3-d8-p1-12-r2-i320-s1234,2.892806339902555;0.4132519655478043;0.4704942389769398,1.945518769825441;0.27752592556244565;0.17068046935493872
3,8,4,0.710680775126,f64/origin/stephen-apr6-results/20260331T233020-k3-d8-p1-15-r2-i320-s1234,2.9183640659961334;0.37389127481834017;0.41462544660415107;0.4676394243441167,1.9513371594389055;0.300682386766102;0.24504039005577466;0.14617168421616314
3,8,5,0.724527039205,f64/origin/stephen-apr6-results/20260331T233020-k3-d8-p1-15-r2-i320-s1234,2.9360580526514637;0.34928642732497434;0.3775334388218734;0.4142554726343145;0.46592755744492337,1.9546016635230106;0.30928861354785653;0.27040195670239797;0.2244353551870204;0.12853646373719524
3,8,6,0.735252695827,f64/origin/stephen-apr6-results/20260331T233020-k3-d8-p1-15-r2-i320-s1234,2.9490949347915736;0.3309562680461796;0.35506461136794376;0.37669468509517356;0.41312288617573256;0.46524065222209554,1.955707627796716;0.31251619477424813;0.28125022158184393;0.2532500186682737;0.20816015999382084;0.1150338116703038
3,8,7,0.743840537901,f64/origin/stephen-apr6-results/20260331T233020-k3-d8-p1-15-r2-i320-s1234,2.9592650965265563;0.31687759546819105;0.339037134911691;0.3548707042569854;0.3739615687289993;0.41281198753228876;0.4651882939905892,1.9558418880575703;0.3135121650968761;0.2857649131156257;0.2668863899007597;0.23993755568384614;0.19453986551446428;0.10435859811450221
3,8,8,0.750894040158,f64/local/20260331T043309-k3-d8-p1-12-r2-i320-s1234,2.9674395638969058;0.3055184818727726;0.3267674139566095;0.3398964355464627;0.3519949567842411;0.3716394653033357;0.4133710775378661;0.46558010907569003,1.9554471099632695;0.31322092742753765;0.2874065236976969;0.2734166479786021;0.25591381822364984;0.22867231222181725;0.18273531182141486;0.09562027946558102
3,8,9,0.756813412291,f64/origin/stephen-apr6-results/20260331T233020-k3-d8-p1-15-r2-i320-s1234,2.9742105821782743;0.2959345585709749;0.3168428608165028;0.3286116617053926;0.33701678672651647;0.34904773234754843;0.3702332637149641;0.4146245191295915;0.4662982209745769,1.9546626525091568;0.31213673870192205;0.28749825106319116;0.27616519802137607;0.26425334923931354;0.24668310281063083;0.21861610057927253;0.17227076221581625;0.08825546797275899
3,8,10,0.761973546975,f64/origin/stephen-apr6-results/20260331T233020-k3-d8-p1-15-r2-i320-s1234,2.980852906187546;0.28781048426602324;0.3097517700075317;0.31983024294829965;0.32665172562426686;0.3345759790251718;0.34776606522132236;0.3694564539791275;0.42116336537560256;0.4724662994505951,1.953343041046551;0.31234834624529045;0.28733556207975725;0.2777439299300479;0.26929690755748;0.258490112878763;0.23886222958226994;0.21066544734915235;0.16467333868623232;0.08262751947515264
3,8,11,0.767317510321,f64/origin/stephen-apr6-results/20260401T022656-k3-d8-p11-15-r2-i320-s1234,2.980719004811818;0.2899854955055593;0.30869482994038705;0.31516991467292316;0.3253875255974931;0.3422038998304888;0.3477422454807135;0.37505760433350127;0.4174359536193094;0.4677593874100595;0.47647892838439226,1.9545964769753217;0.3117755381004613;0.28445927913224656;0.2703649010001835;0.27059424522249936;0.2582958578783289;0.23698508132976784;0.21080302421585734;0.17035221150718816;0.11171488803344352;0.05048280681311382
4,5,1,0.666029441080,f64/local/20260401T010935-k4-d5-p1-11-r2-i320-s1234,5.77615886154457,1.3373708849395642
4,5,2,0.727176266715,f64/local/20260401T010935-k4-d5-p1-11-r2-i320-s1234,5.890000264083629;5.65372600891602,1.2928974103131294;1.398147655497664
4,5,3,0.764453585875,f64/local/20260401T010935-k4-d5-p1-11-r2-i320-s1234,5.943506227187102;5.735964660851048;5.660318593761734,1.2841729948205827;1.3439322797630524;1.4254054503064162
4,5,4,0.789496028108,d64/swarm-d64-k4d5.csv,2.8336801445513307;5.786202477508196;5.732344024352837;5.664444876349442,0.285486601581099;1.8069656909374867;1.778760562599306;1.6984119634467525
4,5,5,0.807821743609,f64/local/20260401T010935-k4-d5-p1-11-r2-i320-s1234,5.996607192627439;5.8156375158327585;5.7787164672959905;5.735924770352633;5.667838321193747,1.2871445711705187;1.333992892026226;1.3520617222535773;1.3749232043984863;1.4564605600710687
4,5,6,0.821877187175,f64/origin/stephen-apr6-results/20260331T232833-k4-d5-p1-15-r2-i320-s1234,0.271171554491301;0.4459294924327696;0.47796385033302147;0.5015336136820698;0.5418895372136936;0.6135102991496479,1.85214150654831;0.2347984021645532;0.22164585629950484;0.20918612558473346;0.18599287595003364;0.10386346969601981
4,5,7,0.833005596277,d64/swarm-d64-k4d5.csv,6.023966684216359;5.853819047196168;2.682605436021826;2.666291682825541;2.6462915662496127;2.6039365189556913;2.528829912604082,2.8626552203900864;2.909368217417167;0.2205102321870362;1.3560753040019649;0.20216763264272525;2.964163244436847;0.09548109419536151
4,5,8,0.842037153480,f64/origin/stephen-apr6-results/20260331T232833-k4-d5-p1-15-r2-i320-s1234,0.24963427956772405;0.41600053826200745;0.44455825558261647;0.4574509576565781;0.4679380561050636;0.4894283256712181;0.5347053828202329;0.6125754766197239,1.8474004757325284;0.22939862208578057;0.2184513936692326;0.21469778945347187;0.21008345554756916;0.19630234599104313;0.16980571452873156;0.08863135481655585
4,5,9,0.849520211129,f64/local/20260401T010935-k4-d5-p1-11-r2-i320-s1234,6.041355207716759;5.878241486498342;5.85021920614136;5.839215097887074;5.832926955656998;5.822791509331747;5.7983804741018625;5.750236474206601;5.670238889791546,1.2963887187158558;1.3441892625234748;1.3549025950566698;1.3575639606893841;1.359682109591207;1.3644086004561125;1.3797284344554217;1.4079203880017286;1.4879401525414244
4,5,10,0.855869587563,f64/local/20260401T010935-k4-d5-p1-11-r2-i320-s1234,6.04781212873083;5.888510955419404;5.859613720799676;5.849453228837441;5.844710276033084;5.839036523005966;5.831204616353161;5.8021109147183365;5.745187552831144;5.659561629457051,1.2985406512337063;1.3472466508699357;1.3575679922511845;1.3591853260555207;1.360027838053157;1.362910236492109;1.3692055896941375;1.3853661731519782;1.4148270800420246;1.494225543337557
4,5,11,0.861425017719,f64/origin/stephen-apr6-results/20260401T022606-k4-d5-p11-15-r2-i320-s1234,0.2334213536601585;0.3967225738565388;0.4252273579375905;0.4330259772464007;0.43626162718957184;0.43722244179718006;0.4454302553930396;0.47179465352912103;0.5155320958068703;0.5699264031399374;0.6474094370549651,1.844434892651783;0.22521756370264567;0.21528724287167125;0.21356489898695738;0.21302514668330327;0.2105032600558777;0.20958723797224038;0.20821623741752407;0.1829613606494077;0.1431296574246575;0.06608455873087701
4,6,1,0.650449645147,f64/local/20260401T010450-k4-d6-p1-11-r2-i320-s1234,3.6018124567450025,1.8047796500253757
4,6,2,0.706214179347,f64/local/20260401T010450-k4-d6-p1-11-r2-i320-s1234,3.4979637716391703;3.7067291909991504,1.8470446924645774;1.7431923079739313
4,6,3,0.740484176043,f64/local/20260401T010450-k4-d6-p1-11-r2-i320-s1234,3.4496679104735732;3.6324392891807835;3.696023250955661,1.8562350716733353;1.7946076179521782;1.715364542969331
4,6,4,0.763757896280,f64/local/20260401T010450-k4-d6-p1-11-r2-i320-s1234,3.4208655708829467;3.5876766316298396;3.6324379663830086;3.6901913063289666,1.8556416444000088;1.804902847056668;1.7749182114385942;1.697166305417403
4,6,5,0.780932593877,d64/swarm-d64-k4d6.csv,2.881875274181333;2.7222789384629684;2.692097663896763;2.6551127019337066;2.597178844983422,2.8582311457802736;2.9062262353558794;2.925216901852848;2.9499294433915706;3.028668201499824
4,6,6,0.794189581095,f64/origin/stephen-apr6-results/20260331T232833-k4-d6-p1-15-r2-i320-s1234,3.3871884354880266;0.39976925957245873;0.42545185533067564;0.4451293539632573;0.4810500104893636;0.5418036092040266,1.8521178973388195;0.23381963224753058;0.2196941704676841;0.2066318521862044;0.1815909727666246;0.10238776644701279
4,6,7,0.804756460561,f64/origin/stephen-apr6-results/20260331T232833-k4-d6-p1-15-r2-i320-s1234,3.3762790246602083;0.38477165762255644;0.408402617807971;0.4218568564881469;0.4384721412028556;0.4768931453195625;0.5403488128473567,1.849905831693943;0.23152796283032318;0.219178465978237;0.21245078140950988;0.19934823356740247;0.17283929365524622;0.09393039620026726
4,6,8,0.813390728582,f64/origin/stephen-apr6-results/20260331T232833-k4-d6-p1-15-r2-i320-s1234,3.3675753874907555;0.3727301872157457;0.39544002761814745;0.4057807785722434;0.4148556265891832;0.4325921023785981;0.474110186563161;0.5396367791706789,1.8477236787691673;0.22894787183934726;0.21742097582373338;0.21316103160668068;0.20755831794247856;0.19314682897906907;0.1650014863182609;0.08696212762960766
4,6,9,0.820605414999,f64/origin/stephen-apr6-results/20260331T232833-k4-d6-p1-15-r2-i320-s1234,3.3602437320577376;0.36218945656344265;0.38511005239303797;0.3946161997206837;0.39967736065189463;0.4083165062361459;0.4276748016014166;0.4764235779364715;0.5465012417937227,1.845270274883479;0.22596720006266593;0.21546179402088902;0.21247147963083404;0.20927833190991255;0.20266436664860188;0.18716269155931398;0.15804380240885285;0.08044101284526788
4,6,10,0.826935929132,f64/local/20260401T010450-k4-d6-p1-11-r2-i320-s1234,3.357316352607833;3.5005450222025867;3.5216727574303235;3.530373093810894;3.5357210516952047;3.543546728367715;3.560736303131188;3.588088304962438;3.639905334521612;3.7066171238641705,1.8453944129517836;1.7972144299799597;1.7850080444676206;1.7850264399104572;1.7832634523912196;1.782976621373166;1.7772901686020384;1.757905210536654;1.722280795941465;1.6447495906653713
4,7,1,0.638570346665,f64/local/20260401T011015-k4-d7-p1-11-r2-i320-s1234,0.4243867839055824,0.23436715225838906
4,7,2,0.690169240157,f64/local/20260401T011015-k4-d7-p1-11-r2-i320-s1234,0.328349127700255;0.5173389469520254,0.27516935797907305;0.17225638938684207
4,7,3,0.722030054121,f64/local/20260401T011015-k4-d7-p1-11-r2-i320-s1234,0.2839347103099851;0.44901166867534054;0.5045735214853009,0.28463874576686443;0.22182295384790385;0.14406137294698101
4,7,4,0.743813356837,f64/local/20260401T011015-k4-d7-p1-11-r2-i320-s1234,0.2574052102105014;0.40824025973694716;0.44683446945288796;0.4977250547801515,0.28439842090207484;0.23267562191167815;0.2015494892327903;0.12559447175766966
4,7,5,0.759980131544,f64/origin/stephen-apr6-results/20260331T232833-k4-d7-p1-15-r2-i320-s1234,0.2392733614206542;0.38359681108136845;0.4093728181134916;0.4419845917766013;0.4929980461307192,0.2831491354202743;0.23438809273092545;0.21467420526104483;0.1887349732303255;0.11202276833526582
4,7,6,0.772513069996,f64/origin/stephen-apr6-results/20260331T232833-k4-d7-p1-15-r2-i320-s1234,0.22616606546762785;0.3656165483130195;0.3872294236298978;0.4044181308204507;0.4366628297918826;0.48997597963723616,0.28128880051287936;0.23312752579966844;0.21835827166887561;0.20478413033943108;0.17845697554997858;0.10141221467569157
4,7,7,0.782544374537,d64/swarm-d64-k4d7.csv,6.067119902743091;5.931360138616851;5.911545354274427;5.9000769366961245;5.885445986477214;5.850472670363046;5.795045871984746,2.8623762256086787;1.3397499094459748;1.3525835757464892;1.35997775712329;1.3734508997191377;1.40125961867735;1.4779101074829302
4,7,8,0.790780908381,f64/local/20260401T011015-k4-d7-p1-11-r2-i320-s1234,0.2080241290552065;0.3408009608067179;0.3598146416295905;0.3684700988288453;0.37633250647386884;0.39200548238917593;0.4301432170784371;0.4871219915420523,0.27715616000638255;0.22866064760248148;0.2167076680519459;0.21201457797568943;0.20563296208928694;0.1909565641966274;0.1615405436770712;0.08583667475568015
4,7,9,0.797778943873,f64/local/20260401T011015-k4-d7-p1-11-r2-i320-s1234,0.20165098703744835;0.33181954046512163;0.3490445581354714;0.35698569111330725;0.36214865207934566;0.36913648276694044;0.3859956251576938;0.4302876284758775;0.4905674621511811,0.27507704114085696;0.2256166574288873;0.21391531280314247;0.21110870169568405;0.20768416937086978;0.19997425934095808;0.18432127783949964;0.15429592645290452;0.07960210008493408
4,7,10,0.805966404455,f64/local/20260401T011015-k4-d7-p1-11-r2-i320-s1234,0.20150549316600946;0.3314340946027671;0.3492719258844901;0.3571617455668981;0.36240794831098744;0.36898804515424855;0.38779221375894296;0.42650471930119693;0.4778078447167961;0.49307121878055804,0.2750535568109316;0.22538406951172182;0.21279119814576755;0.2107626683274327;0.20837393784426478;0.20026944859719148;0.18907988381933363;0.1642418740685238;0.1115297177999242;0.04464554092408179
4,8,1,0.629124931820,f64/local/20260401T010533-k4-d8-p1-11-r2-i320-s1234,2.7457815561698506,1.3361488836211115
4,8,2,0.677373882496,f64/local/20260401T010533-k4-d8-p1-11-r2-i320-s1234,2.835515495793571;2.661605999368192,1.2963868400070169;1.3986252232834213
4,8,3,0.707259474725,f64/local/20260401T010533-k4-d8-p1-11-r2-i320-s1234,2.8768777600578046;2.725227248061848;2.675422199273477,1.2867335738914543;1.3503688808546084;1.4270762024367707
4,8,4,0.727784152190,f64/origin/stephen-apr6-results/20260331T232833-k4-d8-p1-15-r2-i320-s1234,2.901600746121196;2.7629278268498716;2.728771152456631;2.6828577445458532,1.2867288505481476;1.339165796425593;1.3710795075796802;1.4457264342680785
4,8,5,0.743078062960,f64/local/20260401T010533-k4-d8-p1-11-r2-i320-s1234,2.9185681702573842;2.7858550144091505;2.7632034370694507;2.733935381284372;2.687940889004239,1.2878103084471288;1.3371235284441374;1.3574034576781688;1.3841924128787921;1.4593867267148937
4,8,6,0.754972479611,d64/swarm-d64-k4d8.csv,3.3523400380466515;0.3390054505745655;3.499388052719709;3.5147799122335437;3.544027514590966;3.5919590649150885,1.8520535949311476;1.803413674488837;1.7881789713981489;0.2033601450828084;0.17613187034075503;0.10073666683186543
4,8,7,0.764521056142,f64/origin/stephen-apr6-results/20260331T232833-k4-d8-p1-15-r2-i320-s1234,2.9402963685213606;2.8154214176335652;2.7982504219407693;2.7881972977303877;2.774941645230327;2.7429318492553754;2.693302737478925,1.2915090774207336;1.3401047401486241;1.3533094061971584;1.3611800189961512;1.3749975785095323;1.4037356533143104;1.4786409500446844
4,8,8,0.772395707725,f64/origin/stephen-apr6-results/20260331T232833-k4-d8-p1-15-r2-i320-s1234,2.947646759849555;2.8255295039507584;2.8093993554790373;2.802018537501943;2.7949630740488014;2.780331201476637;2.745231522372918;2.694513322400724,1.2933322362714215;1.3424304962389748;1.35482468829825;1.3598493291184512;1.3666724102660939;1.3815241351322598;1.4118929011755392;1.485794424638456
4,8,9,0.779383870175,f64/local/20260401T010533-k4-d8-p1-11-r2-i320-s1234,2.953453460218815;2.830473509914472;2.8139439999585703;2.8079088935183405;2.8031634038521416;2.792976750687144;2.7741656217169526;2.732718459378725;2.6801229720581707,1.293652068361561;1.3420319594471082;1.3527667407635975;1.358582354756296;1.36077817598753;1.3677735102807607;1.3840329975105603;1.4189202478241143;1.4929539290259937
4,8,10,0.784564992229,d64/swarm-d64-k4d8.csv,3.324081025147755;0.3002184948209276;3.4578801730574593;3.4634132618291242;3.4653865153475247;3.469037243064381;3.477774283965299;3.495420393389169;3.5360124381100753;3.5878004815483613,1.8443231906147106;1.7945548092237744;1.7828891415689778;0.20926557147596644;0.20757890742221768;0.20399424354686313;0.1955489281692218;0.17759212004751265;0.14475781670777566;0.07386745533393294
5,6,1,0.658625024633,f64/local/20260401T061933-k5-d6-p1-11-r2-i320-s1234,0.47516883211514493,0.1996306687576617
5,6,2,0.717596564136,f64/local/20260401T061933-k5-d6-p1-11-r2-i320-s1234,0.373557015355491;0.5683343090261261,0.22820030805549218;0.1485224570581864
5,6,3,0.753676130935,f64/origin/fleet5-vm0-final,0.3261509283441488;2.643685507182205;3.6951937359739673,1.3392005261921685;1.382937629780114;1.444730339463213
5,6,4,0.778129589000,d64/swarm-d64-k5d6.csv,5.984807785169979;2.686576307215944;0.49251589174563815;0.5443526304435771,0.22861346964963988;1.7633891644449895;0.17430650663203096;0.1112612648095106
5,6,5,0.796091882450,f64/origin/stephen-apr6-results/20260331T232833-k5-d6-p1-15-r2-i320-s1234,0.2796145275258113;0.42981369187708146;0.45345989245628376;0.48373226030451166;0.5373415371833183,0.22555584924766053;0.19135913422352968;0.18109863534943219;0.16572418184245566;0.1002339664280417
5,6,6,0.809911709556,f64/origin/stephen-apr6-results/20260331T232833-k5-d6-p1-15-r2-i320-s1234,0.26622635722827537;0.411659565324719;0.4309463282154493;0.4450144095846545;0.47482604773973147;0.5325257461357037,0.22263507163121485;0.18845208661799684;0.1817529895320825;0.17500012295022288;0.15861354730829172;0.09143416149894305
5,6,7,0.820886055158,f64/local/20260401T061933-k5-d6-p1-11-r2-i320-s1234,0.2559776893355693;0.39770070192817936;0.4151250523346062;0.42305178497973384;0.4352727489786707;0.46795529179098866;0.5294477277262897,0.21987802706022658;0.18539582224080314;0.17981270417467113;0.17780041834047028;0.17049868570831536;0.15220260109218953;0.08424241730401945
5,6,8,0.829836717988,f64/local/20260401T061933-k5-d6-p1-11-r2-i320-s1234,0.2483241028830261;0.3872657324401757;0.4032597562693183;0.4077937339721479;0.4123071589326727;0.4267694892982938;0.46312500269863643;0.5280769964913627,0.21766081391770595;0.18261972453040942;0.1772346022107808;0.17671088352265113;0.17517955336316626;0.16657287920765326;0.14626236894210795;0.07824393522801408
5,6,9,0.837659435700,f64/local/20260401T061933-k5-d6-p1-11-r2-i320-s1234,0.24084753554277294;0.3771482077148251;0.3947701246875606;0.39846559681593313;0.40052258427865883;0.4061848461839964;0.4217220007907215;0.4664113819162131;0.5400908339064953,0.21495289901163422;0.1801731806743488;0.17516518458465455;0.17617370189211412;0.17557691575312934;0.17343290870501274;0.16219074708477113;0.14055912983233707;0.07147375964750284
5,6,10,0.843453552071,d64/swarm-d64-k5d6.csv,6.047656354793401;2.772183155640135;0.3856847231064258;0.3879848778591744;0.3869290415733543;0.3883931973661652;0.39536915016658025;0.415366509150001;0.45746756879739053;0.5259129467171598,0.2130176684884974;1.7480157840221835;0.1721739015246125;0.17288855702481806;0.1742925618119605;0.17421145221324175;0.17124776320551466;0.15919365751515066;0.1355195553086;0.06874327161734535
5,7,1,0.646186354604,f64/local/20260401T115014-k5-d7-p1-11-r2-i320-s1234,0.43825481579232495,0.20008475043612303
5,7,2,0.700817902678,f64/origin/p710-results/swarm-k5d7,5.938941411098752;3.6616255073232993,1.798318109075491;2.993041810629725
5,7,3,0.734428791034,f64/origin/p710-results/swarm-k5d7,3.442252811795284;3.5969081087001915;0.5033653405936873,0.23119076694405316;2.955181869164585;1.4450461132940866
5,7,4,0.757393337275,f64/origin/stephen-apr6-results/20260331T232833-k5-d7-p1-15-r2-i320-s1234,0.27508485366050056;0.416283741189956;0.4481190223937888;0.49332113416085077,0.22851683349202737;0.19169072538410006;0.17233217907032367;0.1106939587236407
5,7,5,0.774382304123,f64/origin/stephen-apr6-results/20260331T232833-k5-d7-p1-15-r2-i320-s1234,0.2576805107538953;0.3930686276395132;0.41274214886219407;0.43930507842585714;0.4861140491258072,0.22565489674619665;0.19082808292697373;0.17995297822404127;0.1634555530991473;0.09953148440638067
5,7,6,0.787526193237,f64/local/20260401T115014-k5-d7-p1-11-r2-i320-s1234,0.24524545134994621;0.37636435296942655;0.3919919568410689;0.4039932183055537;0.4308624198718396;0.48113312927521845,0.2228757920475675;0.18815544864995543;0.18089014476341828;0.17372881715404012;0.1561802857158022;0.09066144500230534
5,7,7,0.798026144159,f64/origin/stephen-apr6-results/20260331T232833-k5-d7-p1-15-r2-i320-s1234,0.23573840945759456;0.363507674773723;0.3775068031102688;0.3839848232651685;0.39447840631110037;0.4244228910569029;0.4778262392582581,0.22022243351489312;0.1852510482933766;0.17926488729128165;0.17672171568846518;0.16909578315042625;0.14963811625980988;0.08342097360587841
5,7,8,0.806705267105,f64/local/20260401T115014-k5-d7-p1-11-r2-i320-s1234,0.22872782613343892;0.3519838319828968;0.36612995545241966;0.3703980508915778;0.372961506956193;0.38473500973394065;0.4211138558854962;0.4767111933058696,0.2176412695694909;0.18200773269806367;0.17670378532916892;0.17563338122787445;0.17306304833739714;0.1648967378238543;0.14376217405463235;0.0775029139401717
5,7,9,0.814970005934,f64/origin/stephen-apr6-results/20260331T232833-k5-d7-p1-15-r2-i320-s1234,0.22454928838983843;0.3500965720714779;0.3649114374274515;0.37033806005760445;0.3715297024375619;0.38214010806139737;0.4076900303993447;0.45405700657778875;0.4984448290586068,0.2188933189183256;0.18210247879833752;0.1789237704006955;0.1785748851632998;0.1790843707101905;0.17727202763677974;0.16463781294561583;0.12952099150972995;0.05958724299539214
5,7,10,0.814871949126,d64/swarm-d64-k5d7.csv,2.920438370737112;5.938018641351506;0.4993325744860985;6.178406581187078;0.3639193081626959;0.3588460036779323;0.3640779364925981;0.3792273058388673;0.41645876269259857;0.4744618904345553,2.9253309966054677;1.3917324767899921;0.0877047993827085;2.8598795520598403;2.9694434052834286;2.9675348191245;2.970369837005177;2.9815988673683003;3.0051558760018082;3.0705823548306315
5,8,1,0.636280516324,f64/local/20260401T034640-k5-d8-p1-11-r2-i320-s1234,3.550393879368669,0.20041636820674302
5,8,2,0.687409029390,f64/origin/p710-results/swarm-k5d8,5.96225258865148;0.48232773442840327,1.7978450754086406;0.14858443856760128
5,8,3,0.718981135459,f64/origin/p710-results/swarm-k5d8,0.2803521536652686;0.4221070174788741;5.818437187380373,0.23089996470208313;1.7561925452880196;1.6963357601178508
5,8,4,0.740669009249,f64/origin/stephen-apr6-results/20260331T232833-k5-d8-p1-15-r2-i320-s1234,2.885069796941789;3.5276329394487997;3.55543833125153;3.5958875752467163,1.7992372147155804;0.19102703063444756;0.17091484013305042;0.11030598605020422
5,8,5,0.756793864602,f64/local/20260401T034640-k5-d8-p1-11-r2-i320-s1234,3.3818220122456526;3.5060234124707716;3.5229387909035923;3.546646915903104;3.5885692083459815,0.22571893106573504;0.1904383460045307;0.17907895430383228;0.16177974843216406;0.09904632542040137
5,8,6,0.769319380985,f64/origin/stephen-apr6-results/20260331T232833-k5-d8-p1-15-r2-i320-s1234,2.913022906697888;3.4904710494142703;3.503620181260453;3.5141801305213964;3.5385964066431197;3.5835201021742025,1.7938392723713275;0.18793205325240142;0.18025679881816814;0.17274265439174905;0.15434423114957882;0.090115216670507
5,8,7,0.779367338748,f64/local/20260401T034640-k5-d8-p1-11-r2-i320-s1234,3.3612642317155688;3.4785393670041067;3.490208779215379;3.495627564976455;3.5049823806066045;3.5325423570136736;3.580116712973539,0.22048105472765012;0.18516434076500762;0.17884926328867923;0.1759015071122461;0.1680116872239089;0.14768176347157114;0.08283125586195295
5,8,8,0.787939273886,f64/origin/stephen-apr6-results/20260331T232833-k5-d8-p1-15-r2-i320-s1234,2.9290064690627644;3.4681643223952427;3.4800621949675;3.4828655277217395;3.485854073983734;3.496994790836133;3.5295542011368437;3.5797490160181584,1.7888022842213227;0.18188225650743042;0.17683140527132027;0.1752772582668841;0.17252569166935283;0.163386491958454;0.14114576026954698;0.0762931518828213
5,8,9,0.801331449990,f64/local/20260401T034640-k5-d8-p1-11-r2-i320-s1234,3.3550504713169396;3.4749243674216914;3.4850454898317635;3.489720190522952;3.495749850932505;3.5109416212695987;3.5421233017414377;3.582723805997508;3.592059394080588,0.22026288948823758;0.18696407178169183;0.1787558537481853;0.1781803600492607;0.1772453008243815;0.16933536749680234;0.14313071037252925;0.10679822085472837;0.04309826635197128
5,8,10,0.800340303158,d64/swarm-d64-k5d8.csv,2.9394735923877406;3.4544068479145986;5.9596530257370794;5.958807035378012;5.960158127038248;5.959158726928203;5.952999912620104;5.937844442945271;5.901291454779732;5.849355634666332,1.3568381626392845;1.393332229351391;2.9697113151872334;2.9693808270900615;2.9683440600338455;2.9689587209643666;2.973184777759975;2.985789953329459;3.011199956564092;3.0745272676378175
6,7,1,0.652695526988,f64/local/20260401T031011-k6-d7-p1-11-r2-i320-s1234,3.59166425408145,2.965492877925421
6,7,2,0.709563562343,f64/origin/fleet3-vm7,3.500068280562812;3.6647236201636706,2.9461708221405787;0.13170928318103226
6,7,3,0.744380869194,d64/swarm-d64-k6d7.csv,5.967301339019954;5.821466530431259;5.780023813203595,1.3748427328763104;2.9792856151965856;3.0291257675195404
6,7,4,0.768094243166,f64/local/20260401T031011-k6-d7-p1-11-r2-i320-s1234,3.432720970121681;3.5657906038818665;3.5916321710557497;3.632364072394907,2.9494305470098086;0.16462771703680254;2.989538771367662;0.09965862112929358
6,7,5,0.785559889308,f64/origin/stephen-apr6-results/20260331T233021-k6-d7-p1-15-r2-i320-s1234,3.4158616482738244;3.543695854964453;3.557800032706272;3.5796414532335437;3.6233753636921393,2.952942759540051;0.1626042825626685;2.98487167209743;0.1455669550407308;3.0514879053834707
6,7,6,0.799028052891,f64/local/20260401T031011-k6-d7-p1-11-r2-i320-s1234,3.403869376573571;3.52794641470954;3.5380530033529163;3.5458389338614213;3.5688397966872665;3.616965831247816,2.9560107318880062;0.15944071164669738;2.985205580774331;0.1527033496853399;3.0014964391972425;0.08242911333800729
6,7,7,0.809762160136,f64/local/20260401T031011-k6-d7-p1-11-r2-i320-s1234,3.394743172144363;3.515706870781751;3.524093312253158;3.5264381850460693;3.534031120760751;3.5606746566186898;3.6127239936693614,2.9588035422034524;0.15626905705791155;2.987468028301537;0.1541655808614878;2.9918842397864074;0.13505088485691094;3.065488556926123
6,7,8,0.819282871487,f64/origin/stephen-apr6-results/20260331T233021-k6-d7-p1-15-r2-i320-s1234,3.3870876616586965;3.504757367630458;3.5125258343595096;3.512893055244551;3.51437093557126;3.5251190594925443;3.560233470724154;3.617866367027907,2.961781416690674;0.15310056395332233;2.9905768160300883;0.15250971936167207;2.9890670322502335;0.14739772577097837;3.0100352842509155;0.0706236298828653
6,7,9,0.825727633699,d64/swarm-d64-k6d7.csv,6.04315549161676;5.9268526695937815;5.9191342973325725;5.921152275069181;5.9234085335792885;5.920663354555717;5.90780889405682;5.874520297301178;5.817173213778123,1.3926103278480668;2.9906902977425216;2.992463574310362;2.9904723678912197;2.9888918687926767;2.9896810602555677;2.9974746568667094;3.0160874018922557;3.0754135024824962
6,7,10,0.831847844585,d64/swarm-d64-k6d7.csv,6.048099609920984;5.933713525664355;5.9259794406355875;5.928881639289238;5.933020255425538;5.933909694340362;5.929226457866978;5.913598960787252;5.877439244627499;5.818410069261263,1.3945563856168341;2.9929971454533;2.994820111882824;2.9925898154148634;2.990129064000452;2.9892059930741137;2.9909247892032287;3.0003098102825545;3.0205211580601574;3.0793993989199215
6,8,1,0.642402453911,f64/local/20260401T011057-k6-d8-p1-11-r2-i320-s1234,0.41987507683040287,0.17646271844723702
6,8,2,0.695667219631,f64/local/20260401T011057-k6-d8-p1-11-r2-i320-s1234,0.3342319554367167;0.4850600800128922,0.1951225489469026;0.13181402891690747
6,8,3,0.728416690696,f64/origin/fleet3-vm8,0.2945870735553931;0.4279245921304386;0.46428441048709485,0.19582878368472154;0.16152122030015487;0.11234200078832358
6,8,4,0.750860989207,f64/origin/stephen-apr6-results/20260331T232833-k6-d8-p1-15-r2-i320-s1234,0.2715368942014355;0.393278670343317;0.4154402211680912;0.4516132012213954,0.19223006752870256;0.16417629750348164;0.15089455650450892;0.09936953418888557
6,8,5,0.767488743555,f64/local/20260401T011057-k6-d8-p1-11-r2-i320-s1234,0.2557593610781891;0.37270813222827637;0.38438452234309434;0.40375425786701924;0.44269482170205005,0.1888366399349657;0.16238550166754714;0.15607437830119983;0.14418667436266014;0.08971989770937466
6,8,6,0.780373400042,f64/local/20260401T011057-k6-d8-p1-11-r2-i320-s1234,0.244521171319094;0.3580519879443405;0.3659928856238092;0.372637519763238;0.3935714776355725;0.4363616322692652,0.18585283626841795;0.1593611678950304;0.15592968860722764;0.1519613918373465;0.1385857673017882;0.0819854599051731
6,8,7,0.790717791145,f64/local/20260401T011057-k6-d8-p1-11-r2-i320-s1234,0.23589591523112885;0.34647657008892135;0.35307928334704475;0.3545656760604524;0.3612610073750363;0.38599315707241816;0.4321091067407813,0.18311382838350126;0.1562377921975143;0.1537193638405202;0.1534901510790186;0.14892854247719534;0.13347984919113717;0.07564071912177166
6,8,8,0.800834611529,f64/origin/stephen-apr6-results/20260331T232833-k6-d8-p1-15-r2-i320-s1234,0.22856070006573245;0.338395575015047;0.347477612123778;0.3487289129555226;0.35214116258684275;0.3657183954338304;0.3961124224381461;0.44419305614300736,0.1801376053194135;0.15575561711264163;0.15306331275291332;0.15468628346622942;0.15733631284941516;0.14972323313013516;0.1323192510093755;0.06923812311820007
6,8,9,0.806122202716,d64/swarm-d64-k6d8.csv,2.917833959486802;5.953020683623879;5.94725756536947;5.949581694153961;5.951859411418242;5.9493537954983315;5.93805082051124;5.906969631006795;5.85635156022964,1.392180818493714;1.4197514938440976;2.9925679096760587;2.9907506602992653;2.9893322346022595;2.990514414136173;2.9985018769849976;3.0178551211946845;3.0759608569174595
6,8,10,0.812075258515,d64/swarm-d64-k6d8.csv,2.922415461139049;5.959383939598567;5.953610013729263;5.956737780379974;5.960716725114455;5.96163679984666;5.957213468680757;5.943512439239604;5.909680565875222;5.857706385855241,1.394097714279439;1.422018609067163;2.9948696026662622;2.992790726996722;2.990457220231331;2.989699478157025;2.991854062035115;3.0014480780951827;3.022353817950103;3.0799758803508963
7,8,1,0.647730808612,f64/swarm/swarm-k7d8.csv,0.4295035045491004,0.15859679349527867
7,8,2,0.702648639883,f64/swarm/swarm-k7d8.csv,3.48770209484435;0.48767033237750484,2.969563316203125;1.4516277860715627
7,8,3,0.736252836891,f64/swarm/swarm-k7d8.csv,0.3073812690615036;2.708354474790482;5.819013249400007,1.7416787541239038;0.14410078163828446;1.6730532520163972
7,8,4,0.759208520833,d64/swarm-d64-k7d8.csv,2.8566134248129362;2.741786527616959;2.724572906427694;2.691822549663552,2.9748572171403036;2.9965749635095267;3.0055061939001226;3.0506884141273383
7,8,5,0.776148498768,d64/swarm-d64-k7d8.csv,2.8720123311335475;2.7615150868270617;2.7545180550059887;2.7386436246693155;2.7019577720080012,2.978523811422477;2.998956405575832;3.0021002586903167;3.010594194267242;3.059177961431641
7,8,6,0.789241443381,f64/origin/stephen-apr6-results/20260331T232833-k7-d8-p1-15-r2-i320-s1234,2.8829830677361983;3.5077251966059078;3.5109885405548034;3.5143812205216625;3.5326720914072176;3.573910222298009,1.7308108438122187;0.1394468608704673;0.13866883534492386;0.13684239309243748;0.12660993715358781;0.07555980247933844
7,8,7,0.799904225463,f64/origin/stephen-apr6-results/20260331T232833-k7-d8-p1-15-r2-i320-s1234,2.895111139130266;3.4930516968445002;3.4974520898598143;3.4987068282723226;3.5010190794588376;3.527421306006796;3.5709147696996455,1.726329820678636;0.1350104464519801;0.13671887304576447;0.1378621675706216;0.1359411564022978;0.1236111865456419;0.06981206555111226
7,8,8,0.808179034935,d64/swarm-d64-k7d8.csv,2.897855336185089;2.7949880187057197;2.793616970919809;2.7978619160151155;2.7991548992177897;2.7920018279883774;2.7661340189728887;2.718016456945433,2.986564398349585;3.0078837292554046;3.007621622087705;3.005187470415372;3.0042900023049386;3.008814379450074;3.0233162460574494;3.076579580936212
7,8,9,0.815259511100,d64/swarm-d64-k7d8.csv,2.903209497528058;2.8022397081214083;2.80098094910421;2.806656014775174;2.811041612311052;2.8101117975964764;2.80001873022947;2.7709160140697513;2.7205510934099046,2.9886104822380872;3.010291764973802;3.0100116243363404;3.0070543186202703;3.0047696651326707;3.0048066018188773;3.010978498481866;3.0273224779236294;3.0807417225413567
7,8,10,0.821241690059,d64/swarm-d64-k7d8.csv,2.907688246777219;2.8084034431424785;2.807064843144648;2.813593480898701;2.819720983465902;2.8221055607208085;2.818951871403105;2.8061844520665296;2.7742900507785144;2.7222785595379415,2.9904206625161187;3.012422986397178;3.012209333680462;3.0090555480381433;3.0060224231309567;3.004545134021541;3.0055597983755145;3.013276764279116;3.0312031142897973;3.0843840083822234
