# Q1.5 Tier 2 reverse: induced (λ̄, s̄) — 2026-04-29T20:14:30.809
D,p,ctilde_warm,n_lambda_descent,n_s_sign_flip,s_amplitude,s_mean,tau_seq,lambdabar_seq,sbar_seq
3,1,0.692450089730,0,0,4.876287e-01,-4.876287e-01,6.8458028425,0.8279095569,-4.8762874778e-01
3,2,0.755906458453,1,0,5.165812e-01,-4.743593e-01,6.8112419147;6.6637617058,0.8508506743;0.8081540663,-4.3213742283e-01;-5.1658118823e-01
3,3,0.792398428764,2,0,5.341665e-01,-4.697529e-01,6.8231702939;6.5960114421;6.6813308381,0.8590323738;0.8315302182;0.8001706273,-4.1308028408e-01;-4.6201179871e-01;-5.3416647111e-01
3,4,0.816876564852,2,0,8.422302e-01,-3.798628e-01,1.0083119580;1.2149116284;6.9744623619;4.1394644483,0.4053821143;0.6424905527;0.5921070024;0.2794823570,-1.2022036948e-01;-1.3937881887e-01;-8.4223022442e-01;-4.1762166338e-01
3,5,0.836380825133,1,0,8.120356e-01,-3.728208e-01,0.9909023405;1.2286137225;6.7151368429;3.8697973223;4.1462334294,0.3625345218;0.5747016024;0.5902608953;0.2594959911;0.2783095415,-1.1276998792e-01;-1.4996483702e-01;-8.1203561501e-01;-3.7299205127e-01;-4.1634155217e-01
3,6,0.849897134598,1,0,7.916853e-01,-3.586420e-01,0.9672673969;1.1800171569;6.5515029257;3.6185572709;3.8931962257;4.1299710130,0.3425894797;0.5470961695;0.5912001255;0.2312978025;0.2594761507;0.2729372658,-1.0689981776e-01;-1.4597981882e-01;-7.9168532387e-01;-3.2360979468e-01;-3.7393501057e-01;-4.0974210938e-01
3,7,0.859784227119,1,0,7.835173e-01,-3.489394e-01,0.9572684006;1.1698539668;6.4821095309;3.4468512883;3.6582422414;3.9184392209;4.1361455474,0.3234980809;0.5272309638;0.5908261282;0.2175915153;0.2343718314;0.2606113917;0.2721800483,-1.0241051344e-01;-1.4555760970e-01;-7.8351734390e-01;-2.9587129711e-01;-3.2813512183e-01;-3.7743634577e-01;-4.0964763681e-01
3,8,0.867392581017,1,0,7.786682e-01,-3.397988e-01,0.9422463542;1.1417660977;6.4371813735;3.3806625821;3.4858064884;3.6872063400;3.9377717862;4.1352721388,0.3109578807;0.5134154101;0.5898223458;0.2094513365;0.2192887849;0.2346124034;0.2608300958;0.2699979712,-9.8346251259e-02;-1.4235218024e-01;-7.7866819217e-01;-2.8271458095e-01;-2.9832418291e-01;-3.3097757156e-01;-3.7950579613e-01;-4.0750185178e-01
3,9,0.873474212669,1,0,7.752903e-01,-3.328108e-01,0.9338720575;1.1279863138;6.4053953542;3.3341388004;3.4163871010;3.5064381417;3.7113743030;3.9592127319;4.1423818279,0.2991886319;0.5018926646;0.5890035941;0.2037448816;0.2125720616;0.2190394141;0.2356297587;0.2620377809;0.2698868270,-9.5047408440e-02;-1.4070690104e-01;-7.7529032368e-01;-2.7356458538e-01;-2.8586376963e-01;-2.9986639236e-01;-3.3414277238e-01;-3.8271446978e-01;-4.0810052562e-01
3,10,0.878413334854,1,0,7.727371e-01,-3.262587e-01,0.9234648207;1.1087581440;6.3798278763;3.3025326979;3.3687978758;3.4350795847;3.5274365347;3.7323218192;3.9748153634;4.1453049313,0.2898257131;0.4922121071;0.5880422557;0.1986429980;0.2064515083;0.2120553775;0.2192185307;0.2360837465;0.2624506087;0.2691316693,-9.1939048281e-02;-1.3824844848e-01;-7.7273710466e-01;-2.6623227114e-01;-2.7589347654e-01;-2.8694038846e-01;-3.0183578686e-01;-3.3647631050e-01;-3.8461409288e-01;-4.0767032064e-01
3,11,0.882510574357,1,0,7.707312e-01,-3.206968e-01,0.9164042587;1.0960066938;6.3596478844;3.2772807989;3.3356622384;3.3840718172;3.4529491414;3.5435156503;3.7485445023;3.9890083117;4.1492053178,0.2812258620;0.4838434004;0.5872534205;0.1946361679;0.2018951754;0.2061371349;0.2127383301;0.2192061802;0.2364793915;0.2630825873;0.2689567541,-8.9289818195e-02;-1.3652320806e-01;-7.7073122457e-01;-2.6046378830e-01;-2.6868356788e-01;-2.7685978205e-01;-2.8910506363e-01;-3.0320414471e-01;-3.3832905975e-01;-3.8658598467e-01;-4.0788870617e-01
3,12,0.885943703416,1,0,7.691051e-01,-3.154872e-01,0.9084030779;1.0812239407;6.3425578845;3.2581457651;3.3102369635;3.3492119694;3.4000422622;3.4671608500;3.5577750257;3.7631519301;3.9998778152;4.1504752195,0.2739082208;0.4763737072;0.5864433158;0.1909862857;0.1977785523;0.2014064062;0.2065250431;0.2124428627;0.2190771970;0.2367557075;0.2633130132;0.2683699077,-8.6781674709e-02;-1.3449488454e-01;-7.6910510486e-01;-2.5552339021e-01;-2.6254534415e-01;-2.6931674827e-01;-2.7854743662e-01;-2.9000552672e-01;-3.0429459484e-01;-3.3992031343e-01;-3.8785850262e-01;-4.0745244125e-01
4,1,0.662379763210,0,0,6.392191e-01,-6.392191e-01,5.6286868377,0.6511627907,-6.3921912446e-01
4,2,0.716091635509,0,0,6.606018e-01,-6.439405e-01,5.6543384725;5.7350913588,0.6277353192;0.6767692626,-6.6060178141e-01;-6.2727922627e-01
4,3,0.748564460967,0,0,6.672556e-01,-6.449477e-01,5.6548325891;5.7869340822;5.6896614523,0.6182492186;0.6554356145;0.6847244858,-6.6725561283e-01;-6.5345673630e-01;-6.1413083903e-01
4,4,0.769023593448,0,0,6.675763e-01,-6.441309e-01,5.6323799842;5.7777400205;5.7468821082;5.6711157858,0.6137005483;0.6454325634;0.6638058334;0.6899512354,-6.6757626890e-01;-6.6111324321e-01;-6.4125754460e-01;-6.0657635068e-01
4,5,0.784121368669,0,0,6.690473e-01,-6.435490e-01,5.6258385620;5.7642321981;5.7324476992;5.7249373677;5.6596543345,0.6101316225;0.6398712932;0.6532863401;0.6687937569;0.6936924415,-6.6904726920e-01;-6.6414064264e-01;-6.4920798183e-01;-6.3406034359e-01;-6.0128893693e-01
4,6,0.794929186550,0,0,6.686110e-01,-6.430154e-01,5.6104511738;5.7483409640;5.7288034660;5.7148431639;5.7061951477;5.6450119977,0.6078513081;0.6357266983;0.6467643102;0.6571833626;0.6724707810;0.6958818348,-6.6861098327e-01;-6.6559280573e-01;-6.5440090936e-01;-6.4375729610e-01;-6.2840441745e-01;-5.9732603023e-01
4,7,0.803359620475,0,0,6.690064e-01,-6.427458e-01,5.6039227519;5.7340580659;5.7159629688;5.7205825535;5.6970689934;5.6879150997;5.6348641119,0.6058911248;0.6331678573;0.6426418668;0.6498140261;0.6605304843;0.6750048464;0.6974899618,-6.6900643002e-01;-6.6591170800e-01;-6.5634400737e-01;-6.5087511161e-01;-6.3872586939e-01;-6.2388718719e-01;-5.9447002246e-01
4,8,0.809880038887,0,0,6.684659e-01,-6.422884e-01,5.5929734538;5.7189456090;5.7046501465;5.7120847699;5.7062752948;5.6791645244;5.6746386013;5.6254627926,0.6045877806;0.6311240623;0.6400990404;0.6456251092;0.6526983883;0.6628190589;0.6771934349;0.6988319210,-6.6846594522e-01;-6.6570126164e-01;-6.5709574021e-01;-6.5344294157e-01;-6.4675775566e-01;-6.3461724784e-01;-6.2024389293e-01;-5.9198231796e-01
4,9,0.815227729215,0,0,6.684710e-01,-6.419842e-01,5.5872342973;5.7070165653;5.6929440692;5.7057187690;5.6995305650;5.6913335288;5.6669854525;5.6636772361;5.6196939273,0.6033979583;0.6296613941;0.6381538082;0.6429242691;0.6484345725;0.6545060513;0.6649052818;0.6790206164;0.6999685650,-6.6847098473e-01;-6.6540113778e-01;-6.5728809903e-01;-6.5493806219e-01;-6.4965245486e-01;-6.4348406080e-01;-6.3131900294e-01;-6.1720267593e-01;-5.9010161280e-01
4,10,0.819603613054,0,0,6.680275e-01,-6.415298e-01,5.5794224996;5.6947487780;5.6827839916;5.6969735733;5.6940565341;5.6854608667;5.6796271127;5.6549524530;5.6545077701;5.6145395022,0.6025424035;0.6284271950;0.6367348409;0.6409949475;0.6456838627;0.6501806571;0.6563626296;0.6666740212;0.6806766002;0.7009860803,-6.6802754983e-01;-6.6487778825e-01;-6.5722336853e-01;-6.5549459626e-01;-6.5133191786e-01;-6.4656661187e-01;-6.4052147610e-01;-6.2832024974e-01;-6.1451937828e-01;-5.8841511483e-01
4,11,0.823308652112,0,0,6.679032e-01,-6.412052e-01,5.5745163610;5.6849949190;5.6734605043;5.6903535804;5.6872335886;5.6822332929;5.6746924929;5.6683018606;5.6460313475;5.6472201802;5.6114893407,0.6017286498;0.6274350724;0.6355534112;0.6394915671;0.6436599697;0.6472285076;0.6519463751;0.6578494232;0.6682441867;0.6820998417;0.7018408725,-6.6790318600e-01;-6.6446055532e-01;-6.5705764957e-01;-6.5593267378e-01;-6.5221672247e-01;-6.4869413172e-01;-6.4382834136e-01;-6.3792026687e-01;-6.2584446427e-01;-6.1226951158e-01;-5.8712938573e-01
4,12,0.826448482064,0,0,6.675486e-01,-6.407817e-01,5.5686366017;5.6749478377;5.6649051108;5.6829173461;5.6810195889;5.6766856642;5.6716323705;5.6629044018;5.6588975757;5.6373773648;5.6404906220;5.6082736359,0.6011086759;0.6265782875;0.6346107496;0.6383366257;0.6421092946;0.6451098751;0.6489171812;0.6533883170;0.6593059144;0.6696567586;0.6833837932;0.7025846047,-6.6754859528e-01;-6.6390379400e-01;-6.5678818125e-01;-6.5598726280e-01;-6.5276285912e-01;-6.4981880199e-01;-6.4606571759e-01;-6.4124431590e-01;-6.3555487413e-01;-6.2353981708e-01;-6.1021647052e-01;-5.8594952921e-01
5,1,0.643108350560,0,0,4.439279e-01,-4.439279e-01,4.7833375067,0.7537081084,-4.4392793409e-01
5,2,0.690708941937,1,0,6.213268e-01,-5.120787e-01,4.5469712757;5.6362360328,0.7698044022;0.6718324072,-4.0283047796e-01;-6.2132683336e-01
5,3,0.719900638475,1,0,6.448807e-01,-5.094915e-01,4.4456836121;5.6835432079;5.1411590946,0.7767602440;0.6519006701;0.7370528508,-3.8540475089e-01;-6.4488073161e-01;-4.9818887273e-01
5,4,0.738553728591,2,0,6.531556e-01,-5.232654e-01,4.3927164640;5.6852228867;4.9444225862;5.5562149124,0.7783410326;0.6422330365;0.7520529883;0.6844292143,-3.7888467331e-01;-6.5315557890e-01;-4.6098542635e-01;-6.0003605864e-01
5,5,0.752270213171,2,0,6.563991e-01,-5.225901e-01,4.3540815189;5.6766224245;4.8285325151;5.6109946806;5.2255752307,0.7802178147;0.6368926969;0.7580566947;0.6649913234;0.7295748889,-3.7326945636e-01;-6.5639909461e-01;-4.4278598183e-01;-6.2500870686e-01;-5.1548729026e-01
5,6,0.762412715219,3,0,6.581139e-01,-5.278982e-01,4.3284239017;5.6675825838;4.7656004688;5.6126173728;5.0374279980;5.5293535786,0.7807900561;0.6332883380;0.7612341301;0.6543145174;0.7431497213;0.6910158897,-3.7037458927e-01;-6.5811390274e-01;-4.3308284550e-01;-6.3475779337e-01;-4.8076268531e-01;-5.9029736040e-01
5,7,0.770473049311,3,0,6.585621e-01,-5.278897e-01,4.3100074440;5.6571159695;4.7247269872;5.6160400448;4.9175111418;5.5762545551;5.2823454633,0.7812839055;0.6310639241;0.7629180526;0.6486327472;0.7488730532;0.6736712797;0.7255983658,-3.6820019185e-01;-6.5856213188e-01;-4.2728298828e-01;-6.3997890594e-01;-4.6239337492e-01;-6.1294185804e-01;-5.2586878620e-01
5,8,0.777099570297,4,0,6.589113e-01,-5.313081e-01,4.2970471513;5.6503772141;4.7008484120;5.6160276436;4.8662394028;5.5707757241;5.1387190018;5.5345932480,0.7815107843;0.6295243606;0.7636554963;0.6453997751;0.7519947447;0.6639782161;0.7365407315;0.6973239487,-3.6681841031e-01;-6.5891131702e-01;-4.2421061817e-01;-6.4264715730e-01;-4.5376755773e-01;-6.2145681439e-01;-4.9857627445e-01;-5.8407693986e-01
5,9,0.782928324596,4,0,6.585989e-01,-5.319623e-01,4.2896989118;5.6426493039;4.6847786314;5.6126107259;4.8368516059;5.5670378789;5.0572815103;5.5911120896;5.3934000820,0.7815510568;0.6287163880;0.7640396569;0.6436156384;0.7533035870;0.6621009617;0.7391604812;0.6879200758;0.7254828709,-3.6614233649e-01;-6.5859893813e-01;-4.2228550183e-01;-6.4370342421e-01;-4.4942753860e-01;-6.2274397422e-01;-4.8752334120e-01;-6.0016993458e-01;-5.3706591041e-01
5,10,0.787924183983,5,0,6.587675e-01,-5.346671e-01,4.2776158981;5.6352575080;4.6635659965;5.6113962509;4.7874588064;5.5726923556;4.9901305417;5.5525543968;5.2851608836;5.5817276839,0.7817256717;0.6272869034;0.7646012429;0.6407584550;0.7562432465;0.6549536364;0.7411576626;0.6765239638;0.7324259702;0.7032452986,-3.6490039349e-01;-6.5876751210e-01;-4.1968097446e-01;-6.4584412789e-01;-4.4125213688e-01;-6.2969144138e-01;-4.7865589100e-01;-6.0756257766e-01;-5.1788501229e-01;-5.8243079948e-01
5,11,0.792130125642,5,0,6.586132e-01,-5.334430e-01,4.2667789937;5.6267870989;4.6444725780;5.6081965055;4.7499630635;5.5798452086;4.8941656248;5.5345724443;5.1264459206;5.5967306886;5.4127608919,0.7819519609;0.6261146371;0.7649502220;0.6386275664;0.7581787477;0.6492834992;0.7467440103;0.6694669258;0.7343122070;0.6929731433;0.7250372042,-3.6370361621e-01;-6.5861323342e-01;-4.1753343372e-01;-6.4714550336e-01;-4.3543123728e-01;-6.3531313437e-01;-4.6278040222e-01;-6.1235272954e-01;-5.0007549269e-01;-5.9538646049e-01;-5.3953753286e-01
5,12,0.795656769328,6,0,6.583417e-01,-5.351475e-01,4.2578345721;5.6183467462;4.6292093454;5.6036817036;4.7231704688;5.5799179218;4.8274375171;5.5434367071;5.0397937477;5.5362371585;5.3100471904;5.5713209538,0.7819547873;0.6250997245;0.7651167632;0.6369922640;0.7594540899;0.6457005342;0.7511062150;0.6599786961;0.7363859891;0.6808384321;0.7307713884;0.7038107664,-3.6293760121e-01;-6.5834167929e-01;-4.1595684083e-01;-6.4788757811e-01;-4.3141591086e-01;-6.3827060807e-01;-4.5122829258e-01;-6.2199855152e-01;-4.8916223796e-01;-6.0150857629e-01;-5.2235872917e-01;-5.8070358070e-01
6,1,0.629402082031,0,0,1.768185e-01,-1.768185e-01,3.9548260674,0.9007038301,-1.7681848653e-01
6,2,0.672644051382,0,0,2.253801e-01,-1.770462e-01,3.9840370519;3.9979022467,0.8699198212;0.9308236856,-2.2538014552e-01;-1.2871222080e-01
6,3,0.699318920324,0,0,2.452587e-01,-1.758449e-01,3.9956808903;4.0445659802;3.9353507024,0.8566793424;0.9013667496;0.9448751546,-2.4525873054e-01;-1.7978886664e-01;-1.0248701882e-01
6,4,0.716499681672,0,0,2.520039e-01,-1.732660e-01,3.9845200032;4.0517131730;3.9892004361;3.9090237586,0.8514119667;0.8879714809;0.9159031272;0.9539264794,-2.5200392020e-01;-2.0152702567e-01;-1.5363224266e-01;-8.5900962347e-02
6,5,0.729153049443,0,0,2.579624e-01,-1.721334e-01,3.9815687089;4.0485599667;3.9970084415;3.9639970310;3.8908517896,0.8469919880;0.8808261542;0.9015565873;0.9245055815;0.9601077855,-2.5796241715e-01;-2.1249026776e-01;-1.7737108100e-01;-1.3833278218e-01;-7.4510208224e-02
6,6,0.738582023073,0,0,2.608765e-01,-1.704851e-01,3.9745780636;4.0417223875;3.9977559430;3.9736740554;3.9416393615;3.8774052036,0.8445418280;0.8764057471;0.8939061075;0.9094422845;0.9321642516;0.9650891466,-2.6087645566e-01;-2.1889582864e-01;-1.8956887648e-01;-1.6362939094e-01;-1.2462212002e-01;-6.5317822986e-02
6,7,0.745985660468,0,0,2.632514e-01,-1.693557e-01,3.9694564541;4.0346335254;3.9956765530;3.9792555870;3.9488349045;3.9245228210;3.8682039818,0.8425536488;0.8733766419;0.8888491410;0.9006545184;0.9165337334;0.9380236856;0.9687089976,-2.6325137904e-01;-2.2309359942e-01;-1.9737852139e-01;-1.7802340380e-01;-1.5104165764e-01;-1.1407580037e-01;-5.8625228696e-02
6,8,0.751927747697,0,0,2.650661e-01,-1.683919e-01,3.9649338271;4.0274945610;3.9918064457;3.9829882574;3.9551468416;3.9285382747;3.9113709994;3.8610274137,0.8409929971;0.8711945753;0.8853765598;0.8945078899;0.9072988638;0.9221525782;0.9429708858;0.9716851508,-2.6506613587e-01;-2.2597061031e-01;-2.0255349906e-01;-1.8792405551e-01;-1.6632854473e-01;-1.4100884025e-01;-1.0516976700e-01;-5.3113492446e-02
6,9,0.756767462179,0,0,2.662343e-01,-1.677412e-01,3.9598836187;4.0192711013;3.9870204030;3.9826857287;3.9614010822;3.9354669792;3.9115379881;3.8999799959;3.8543595112,0.8398759302;0.8696305119;0.8828876572;0.8902949829;0.9002362098;0.9122810071;0.9268991073;0.9468524548;0.9739018574,-2.6623426510e-01;-2.2783778478e-01;-2.0612253620e-01;-1.9449382480e-01;-1.7788827119e-01;-1.5746618624e-01;-1.3251680664e-01;-9.8128423876e-02;-4.8982283185e-02
6,10,0.760777479845,0,0,2.674448e-01,-1.674252e-01,3.9562427257;4.0128531253;3.9819640176;3.9821643671;3.9634768303;3.9449793035;3.9192244688;3.8978446528;3.8908670498;3.8485442552,0.8387917799;0.8683043325;0.8810615480;0.8871956778;0.8954706140;0.9042488643;0.9166838368;0.9307678554;0.9500150564;0.9757377733,-2.6744481494e-01;-2.2943753252e-01;-2.0863867415e-01;-1.9926628417e-01;-1.8549632976e-01;-1.7078345447e-01;-1.4966410073e-01;-1.2558620368e-01;-9.2381061710e-02;-4.5553537424e-02
6,11,0.764144755966,0,0,2.681102e-01,-1.670168e-01,3.9520346057;4.0052060340;3.9766866115;3.9791713121;3.9637580628;3.9481060746;3.9292167340;3.9052301681;3.8859100283;3.8825102250;3.8431489811,0.8380815471;0.8674426360;0.8797070006;0.8851577387;0.8921586853;0.8991160335;0.9081673635;0.9204436295;0.9341712427;0.9527267202;0.9772811908,-2.6811017563e-01;-2.3026993560e-01;-2.1041115814e-01;-2.0224816421e-01;-1.9067941307e-01;-1.7905896183e-01;-1.6384682458e-01;-1.4298399344e-01;-1.1948216995e-01;-8.7430609205e-02;-4.2663259226e-02
6,12,0.767008516373,0,0,2.688643e-01,-1.667674e-01,3.9488405840;3.9995976126;3.9719481773;3.9767748009;3.9627002249;3.9505793762;3.9335365994;3.9163351574;3.8935402309;3.8760783978;3.8757844484;3.8388241489,0.8373534901;0.8665986139;0.8786555586;0.8834982277;0.8898430043;0.8953989226;0.9027141030;0.9114183657;0.9237844282;0.9370744293;0.9550363140;0.9786227660,-2.6886432580e-01;-2.3118646096e-01;-2.1174401256e-01;-2.0466275341e-01;-1.9421650943e-01;-1.8500480939e-01;-1.7272397081e-01;-1.5809219244e-01;-1.3706531900e-01;-1.1427783317e-01;-8.3216257260e-02;-4.0153794586e-02
7,1,0.619009221822,0,0,9.373628e-01,-9.373628e-01,8.6444821956,0.6820059880,-9.3736284816e-01
7,2,0.658923602941,1,0,9.565470e-01,-9.347029e-01,8.6121890976;8.6184910574,0.6949451024;0.6674056561,-9.1285882855e-01;-9.5654703776e-01
7,3,0.683621528140,2,0,9.700182e-01,-9.349802e-01,8.5972312284;8.5711024766;8.6837417249,0.7007523246;0.6793570041;0.6630641665,-9.0139566838e-01;-9.3352676815e-01;-9.7001816475e-01
7,4,0.699607726376,3,0,9.776506e-01,-9.365929e-01,8.6053973269;8.5603153641;8.6300813278;8.7124248573,0.7033298040;0.6853068479;0.6741552082;0.6599166856,-8.9777065434e-01;-9.2306515618e-01;-9.4788512911e-01;-9.7765058166e-01
7,5,0.711397971049,4,0,9.827720e-01,-9.374403e-01,8.6065117292;8.5596159125;8.6172395090;8.6571871302;8.7325743407,0.7054020305;0.6887129543;0.6803581382;0.6709501180;0.6578551333,-8.9424218985e-01;-9.1753742702e-01;-9.3699982026e-01;-9.5565007884e-01;-9.8277196037e-01
7,6,0.720230770606,5,0,9.867668e-01,-9.386595e-01,8.6118962724;8.5645498325;8.6134843273;8.6424392195;8.6815876905;8.7474032599,0.7066191389;0.6908822276;0.6838249718;0.6773169341;0.6681853612;0.6561615740,-8.9264239510e-01;-9.1454006331e-01;-9.3115393189e-01;-9.4444033681e-01;-9.6241364868e-01;-9.8676675132e-01
7,7,0.727164719046,6,0,9.896102e-01,-9.395624e-01,8.6158450217;8.5692345470;8.6133389725;8.6339479139;8.6681557115;8.6993342512;8.7575645230,0.7076070595;0.6924506326;0.6861540617;0.6811528770;0.6747737712;0.6660824988;0.6549155853,-8.9128883780e-01;-9.1246428652e-01;-9.2742707789e-01;-9.3757623003e-01;-9.5113145330e-01;-9.6743843038e-01;-9.8961019720e-01
7,8,0.732757551195,7,0,9.919360e-01,-9.404743e-01,8.6193818775;8.5750389280;8.6152431203;8.6287671933;8.6600459062;8.6885207179;8.7131105470;8.7652430362,0.7083562759;0.6935595928;0.6877879245;0.6837440356;0.6786813709;0.6727203794;0.6642285983;0.6538379982,-8.9031165317e-01;-9.1124697570e-01;-9.2500026205e-01;-9.3293434531e-01;-9.4426109106e-01;-9.5646584563e-01;-9.7163826163e-01;-9.9193598926e-01
7,9,0.737353493034,8,0,9.937827e-01,-9.413623e-01,8.6233351309;8.5811529433;8.6182414488;8.6269777657;8.6525189481;8.6809796915;8.7052658639;8.7238731888;8.7707577700,0.7089099915;0.6944025654;0.6889471995;0.6855553797;0.6814562177;0.6767137076;0.6708458582;0.6626025015;0.6529291626,-8.8972382692e-01;-9.1049349071e-01;-9.2344021355e-01;-9.2985544144e-01;-9.3911700500e-01;-9.4957892469e-01;-9.6111240602e-01;-9.7515663670e-01;-9.9378270250e-01
7,10,0.741227226801,9,0,9.953048e-01,-9.422244e-01,8.6260880597;8.5862256017;8.6215932620;8.6263555994;8.6489865988;8.6711419686;8.6994890958;8.7183412396;8.7315119214;8.7738194110,0.7093917804;0.6950527605;0.6898106957;0.6868344617;0.6833418815;0.6796321397;0.6747658406;0.6690722910;0.6610427630;0.6520508004,-8.8913866775e-01;-9.0994460349e-01;-9.2238948067e-01;-9.2773392965e-01;-9.3575883749e-01;-9.4399391681e-01;-9.5458158988e-01;-9.6518400288e-01;-9.7821433308e-01;-9.9530476482e-01
7,11,0.744550769103,10,0,9.965446e-01,-9.432367e-01,8.6291849059;8.5915796124;8.6250008786;8.6274794818;8.6474217276;8.6669172004;8.6894685987;8.7157860201;8.7286884502;8.7365893735;8.7742432293,0.7097313469;0.6955399668;0.6904521591;0.6877505541;0.6846517797;0.6815395726;0.6776673202;0.6728262198;0.6672439811;0.6594381489;0.6511548772,-8.8884384561e-01;-9.0969451647e-01;-9.2170211804e-01;-9.2637451273e-01;-9.3350534220e-01;-9.4054859968e-01;-9.4903920036e-01;-9.5930790343e-01;-9.6901310543e-01;-9.8102955570e-01;-9.9654458033e-01
7,12,0.747466169114,11,0,9.974394e-01,-9.443436e-01,8.6312710680;8.5953370970;8.6278425822;8.6283216570;8.6468377658;8.6637269620;8.6852836208;8.7055990448;8.7303646132;8.7352558867;8.7375024068;8.7704423429,0.7100402122;0.6959475574;0.6909460634;0.6884474054;0.6856282802;0.6829041418;0.6794971001;0.6755518922;0.6706877307;0.6651711323;0.6576168562;0.6501508825,-8.8849921226e-01;-9.0940659910e-01;-9.2119315974e-01;-9.2533396096e-01;-9.3187903885e-01;-9.3804810568e-01;-9.4574405943e-01;-9.5405337893e-01;-9.6411917230e-01;-9.7275168440e-01;-9.8365480939e-01;-9.9743943817e-01
8,1,0.610777917443,0,0,9.386876e-01,-9.386876e-01,8.6707117551,0.6829679443,-9.3868762721e-01
8,2,0.648038685526,1,0,6.884063e-01,-6.869292e-01,5.4938682391;5.5159151963,0.5213021428;0.4801517147,-6.8545204305e-01;-6.8840627379e-01
8,3,0.671137293030,0,0,1.908279e-01,-1.574306e-01,2.3776819141;2.3866672618;2.2713668363,0.1012273094;0.1786791374;0.2138131549,-1.0661901134e-01;-1.7484492281e-01;-1.9082785122e-01
8,4,0.686138839941,0,0,1.920869e-01,-1.561533e-01,2.3717828579;2.4001805655;2.3253798109;2.2410630597,0.0905757948;0.1608471574;0.1845619463;0.2198020485,-9.5983265644e-02;-1.6163931046e-01;-1.7490353253e-01;-1.9208693077e-01
8,5,0.697213888645,0,0,1.924966e-01,-1.545207e-01,2.3721290897;2.4036898671;2.3417168771;2.2968029810;2.2195955986,0.0832252979;0.1496423757;0.1658172905;0.1904597272;0.2234320512,-8.8698242470e-02;-1.5253799376e-01;-1.6188114550e-01;-1.7698959704e-01;-1.9249656590e-01
8,6,0.705541440658,0,0,1.932055e-01,-1.529213e-01,2.3679817266;2.4003602701;2.3478522182;2.3149815336;2.2708763593;2.2037319917,0.0777895393;0.1413399158;0.1546502230;0.1712686796;0.1953610112;0.2268659300,-8.3075776552e-02;-1.4521488402e-01;-1.5339726772e-01;-1.6421904430e-01;-1.7841530971e-01;-1.9320554718e-01
8,7,0.712081409313,0,0,1.938629e-01,-1.514023e-01,2.3649446930;2.3973666129;2.3497341655;2.3259147560;2.2883859077;2.2523667120;2.1927436301,0.0734255647;0.1350982421;0.1467047696;0.1596198045;0.1749726041;0.1995054449;0.2295784702,-7.8543857744e-02;-1.3957871953e-01;-1.4699802803e-01;-1.5593410350e-01;-1.6511083388e-01;-1.7978750492e-01;-1.9386288348e-01
8,8,0.717364943442,0,0,1.945681e-01,-1.500135e-01,2.3621400684;2.3927062046;2.3492993094;2.3324563149;2.2988079515;2.2677322055;2.2377547230;2.1841902019,0.0699775813;0.1300998317;0.1406743922;0.1516887517;0.1626884501;0.1782419244;0.2034642164;0.2320572393,-7.4932695341e-02;-1.3487656716e-01;-1.4192147674e-01;-1.5000415520e-01;-1.5651854864e-01;-1.6601967882e-01;-1.8126693789e-01;-1.9456806019e-01
8,9,0.721705752477,0,0,1.952350e-01,-1.487210e-01,2.3588758650;2.3877025183;2.3475057639;2.3357776605;2.3074406165;2.2775731028;2.2506545924;2.2261953081;2.1776515340,0.0670554914;0.1258860115;0.1359745677;0.1457343145;0.1544140334;0.1652147663;0.1815076214;0.2071136096;0.2342006139,-7.1833969302e-02;-1.3081775011e-01;-1.3781948503e-01;-1.4533291231e-01;-1.5059218367e-01;-1.5700862336e-01;-1.6712189667e-01;-1.8272678878e-01;-1.9523495904e-01
8,10,0.725345148977,0,0,1.958082e-01,-1.475324e-01,2.3563910556;2.3831792595;2.3450908891;2.3375924919;2.3127700155;2.2883394106;2.2589821364;2.2370762200;2.2170747348;2.1723947494,0.0645758325;0.1223640390;0.1320704427;0.1411569304;0.1482304602;0.1564826215;0.1677326229;0.1846214150;0.2103750562;0.2360098640,-6.9208519509e-02;-1.2738450918e-01;-1.3432396217e-01;-1.4162990742e-01;-1.4595807533e-01;-1.5097991193e-01;-1.5762335664e-01;-1.6832151999e-01;-1.8408634299e-01;-1.9580815408e-01
8,11,0.728429734896,0,0,1.962073e-01,-1.463424e-01,2.3537329826;2.3783244709;2.3422310549;2.3376806579;2.3159737306;2.2953028391;2.2702815220;2.2434273629;2.2255720457;2.2093038449;2.1677834467,0.0624147499;0.1192317072;0.1287592128;0.1373746879;0.1434222998;0.1499076015;0.1584746135;0.1700572212;0.1874194268;0.2131467533;0.2374324701,-6.6901894568e-02;-1.2427161647e-01;-1.3128980826e-01;-1.3844459725e-01;-1.4221941428e-01;-1.4621099753e-01;-1.5133669065e-01;-1.5826458516e-01;-1.6941156418e-01;-1.8520822819e-01;-1.9620730681e-01
8,12,0.731075836176,0,0,1.961686e-01,-1.451369e-01,2.3521998593;2.3755054740;2.3390235649;2.3363208725;2.3172854101;2.2995218831;2.2777930463;2.2555547157;2.2305424412;2.2164691501;2.2026476537;2.1627719767,0.0604722000;0.1166004743;0.1259845956;0.1340939381;0.1394913466;0.1447033158;0.1513180826;0.1602920186;0.1721742875;0.1899373876;0.2153181361;0.2381594458,-6.4851717156e-02;-1.2171042161e-01;-1.2868810811e-01;-1.3557183874e-01;-1.3903565247e-01;-1.4226373055e-01;-1.4621774956e-01;-1.5175001535e-01;-1.5890861929e-01;-1.7045667031e-01;-1.8601924409e-01;-1.9616855274e-01
