start,kind,iteration,value,g_norm
1,warm,0,-7.420890150642e-01,1.718649e-01
1,warm,1,-7.481933778490e-01,6.365414e-02
1,warm,2,-7.491277057778e-01,2.683899e-02
1,warm,3,-7.499042649556e-01,3.081542e-02
1,warm,4,-7.504775160485e-01,2.762864e-02
1,warm,5,-7.507436636037e-01,1.202945e-02
1,warm,6,-7.507980118743e-01,5.579369e-03
1,warm,7,-7.508387581851e-01,5.386213e-03
1,warm,8,-7.508765042920e-01,4.822351e-03
1,warm,9,-7.508882085678e-01,2.883346e-03
1,warm,10,-7.508906901438e-01,1.198132e-03
1,warm,11,-7.508930904165e-01,1.048346e-03
1,warm,12,-7.508930025835e-01,5.819015e-04
1,warm,13,-7.508932551907e-01,2.161860e-04
1,warm,14,-7.508938183223e-01,1.150407e-04
1,warm,15,-7.508934199715e-01,1.278184e-04
1,warm,16,-7.508934339754e-01,1.222485e-04
1,warm,17,-7.508938325887e-01,7.265061e-05
1,warm,18,-7.508932090570e-01,3.231084e-05
1,warm,19,-7.508935430937e-01,1.234189e-05
1,warm,20,-7.508940893926e-01,2.056360e-05
1,warm,21,-7.508938291216e-01,1.322851e-05
1,warm,22,-7.508933384323e-01,9.771436e-06
1,warm,23,-7.508935155822e-01,8.285046e-06
1,warm,24,-7.508939684536e-01,1.212209e-05
1,warm,25,-7.508936368459e-01,1.178682e-05
1,warm,26,-7.508938366910e-01,9.790063e-06
1,warm,27,-7.508940687856e-01,6.720424e-06
1,warm,28,-7.508939026953e-01,1.627207e-05
1,warm,29,-7.508933879118e-01,6.377697e-06
1,warm,30,-7.508931441831e-01,1.472235e-05
1,warm,31,-7.508933005205e-01,1.537800e-05
1,warm,32,-7.508937552547e-01,5.979091e-06
1,warm,33,-7.508933624588e-01,1.067668e-05
1,warm,34,-7.508935500512e-01,1.370907e-05
1,warm,35,-7.508935091545e-01,4.153699e-06
1,warm,36,-7.508937864689e-01,5.066395e-06
1,warm,37,-7.508938945110e-01,9.730458e-06
1,warm,38,-7.508935854083e-01,4.112720e-06
1,warm,39,-7.508935062467e-01,1.455098e-05
1,warm,40,-7.508941422362e-01,6.441027e-06
1,warm,41,-7.508935275560e-01,3.520399e-06
1,warm,42,-7.508934981570e-01,9.141862e-06
1,warm,43,-7.508935506245e-01,4.664063e-06
1,warm,44,-7.508932395788e-01,1.049042e-05
1,warm,45,-7.508936763889e-01,1.937151e-05
1,warm,46,-7.508938974467e-01,9.596348e-06
1,warm,47,-7.508938047047e-01,7.808208e-06
1,warm,48,-7.508940895320e-01,5.584210e-06
1,warm,49,-7.508938166014e-01,3.524125e-06
1,warm,50,-7.508932455126e-01,6.414950e-06
1,warm,51,-7.508934335332e-01,5.543232e-06
1,warm,52,-7.508934253860e-01,1.001358e-05
1,warm,53,-7.508937478933e-01,1.311302e-05
1,warm,54,-7.508939000758e-01,8.106232e-06
1,warm,55,-7.508937639146e-01,9.305775e-06
1,warm,56,-7.508934940929e-01,2.634525e-05
1,warm,57,-7.508936941219e-01,9.119511e-06
1,warm,58,-7.508935063860e-01,8.940697e-06
1,warm,59,-7.508941680555e-01,3.457069e-06
1,warm,60,-7.508935557734e-01,4.827976e-06
1,warm,61,-7.508934038274e-01,5.364418e-06
1,warm,62,-7.508932986745e-01,8.195639e-06
1,warm,63,-7.508938244008e-01,1.382828e-05
1,warm,64,-7.508938158384e-01,8.285046e-06
1,warm,65,-7.508935853088e-01,1.326948e-05
1,warm,66,-7.508942676924e-01,8.232892e-06
1,warm,67,-7.508938424270e-01,8.106232e-06
1,warm,68,-7.508940117211e-01,1.014769e-05
1,warm,69,-7.508942499192e-01,5.092472e-06
1,warm,70,-7.508938153440e-01,7.171184e-06
1,warm,71,-7.508934882145e-01,1.364946e-05
1,warm,72,-7.508935954893e-01,1.698732e-05
1,warm,73,-7.508928870711e-01,1.728535e-05
1,warm,74,-7.508938727827e-01,9.536743e-06
1,warm,75,-7.508932717739e-01,8.821487e-06
1,warm,76,-7.508935116370e-01,3.993511e-06
1,warm,77,-7.508943289658e-01,8.583069e-06
1,warm,78,-7.508940013627e-01,4.649162e-06
1,warm,79,-7.508934451451e-01,3.457069e-06
1,warm,80,-7.508937967197e-01,1.476705e-05
1,warm,81,-7.508938056939e-01,6.455928e-06
1,warm,82,-7.508936326566e-01,6.794930e-06
1,warm,83,-7.508935514116e-01,1.829863e-05
1,warm,84,-7.508939336062e-01,1.996756e-05
1,warm,85,-7.508932991821e-01,6.131828e-06
1,warm,86,-7.508936739218e-01,1.259148e-05
1,warm,87,-7.508933542060e-01,1.066923e-05
1,warm,88,-7.508937703320e-01,8.508563e-06
1,warm,89,-7.508938920089e-01,6.824732e-06
1,warm,90,-7.508943206883e-01,7.450581e-06
1,warm,91,-7.508937461979e-01,1.329184e-05
1,warm,92,-7.508937759747e-01,4.600734e-06
1,warm,93,-7.508930957355e-01,1.207739e-05
1,warm,94,-7.508928193044e-01,9.678304e-06
1,warm,95,-7.508936242148e-01,1.233816e-05
1,warm,96,-7.508936879453e-01,6.034970e-06
1,warm,97,-7.508942864317e-01,4.980713e-06
1,warm,98,-7.508936861615e-01,1.072884e-05
1,warm,99,-7.508932835529e-01,1.003593e-05
1,warm,100,-7.508936858733e-01,3.300607e-06
1,warm,100,-7.508936858733e-01,3.300607e-06
1,warm,101,-7.508931714826e-01,6.139278e-06
1,warm,102,-7.508932123982e-01,1.567602e-05
1,warm,103,-7.508928369623e-01,1.192093e-05
1,warm,104,-7.508941378596e-01,1.680106e-05
1,warm,105,-7.508934677841e-01,4.649162e-06
1,warm,106,-7.508936908152e-01,9.976327e-06
1,warm,107,-7.508937196636e-01,2.324581e-05
1,warm,108,-7.508933169252e-01,9.059906e-06
1,warm,109,-7.508937937886e-01,3.136694e-06
1,warm,110,-7.508933123468e-01,1.430511e-05
1,warm,111,-7.508935952317e-01,2.823770e-06
1,warm,112,-7.508932893109e-01,6.563962e-06
1,warm,113,-7.508933868422e-01,9.678304e-06
1,warm,114,-7.508934782949e-01,1.060963e-05
1,warm,115,-7.508937405554e-01,5.684793e-06
1,warm,116,-7.508937849890e-01,3.159046e-06
1,warm,117,-7.508936166821e-01,7.383525e-06
1,warm,118,-7.508939003114e-01,5.364418e-06
1,warm,119,-7.508932134049e-01,7.785857e-06
1,warm,120,-7.508933026478e-01,1.430511e-05
1,warm,121,-7.508936892243e-01,8.609146e-06
1,warm,122,-7.508934902158e-01,7.033348e-06
1,warm,123,-7.508928853684e-01,1.048297e-05
1,warm,124,-7.508938268632e-01,1.215935e-05
1,warm,125,-7.508932232014e-01,6.906688e-06
1,warm,126,-7.508941213469e-01,6.258488e-06
1,warm,127,-7.508941879105e-01,6.884336e-06
1,warm,128,-7.508938847976e-01,1.657009e-05
1,warm,129,-7.508939086202e-01,1.436472e-05
1,warm,130,-7.508936855692e-01,3.516674e-06
1,warm,131,-7.508933147230e-01,6.139278e-06
1,warm,132,-7.508937147128e-01,1.132488e-05
1,warm,133,-7.508938194539e-01,9.171665e-06
1,warm,134,-7.508937159054e-01,8.620322e-06
1,warm,135,-7.508932191550e-01,1.012534e-05
1,warm,136,-7.508937397122e-01,6.772578e-06
1,warm,137,-7.508933682940e-01,2.846122e-06
1,warm,138,-7.508935505501e-01,5.040318e-06
1,warm,139,-7.508937030236e-01,9.145588e-06
1,warm,140,-7.508934689558e-01,9.119511e-06
1,warm,141,-7.508937053623e-01,7.748604e-06
1,warm,142,-7.508933067750e-01,1.143664e-05
1,warm,143,-7.508939563938e-01,9.827316e-06
1,warm,144,-7.508933594660e-01,1.201406e-05
1,warm,145,-7.508933993525e-01,1.335889e-05
1,warm,146,-7.508936066128e-01,8.136034e-06
1,warm,147,-7.508937745635e-01,1.114607e-05
1,warm,148,-7.508936996870e-01,3.233552e-06
1,warm,149,-7.508938313517e-01,1.120567e-05
1,warm,150,-7.508933605184e-01,8.523464e-06
1,warm,151,-7.508932604037e-01,5.424023e-06
1,warm,152,-7.508933020862e-01,7.256866e-06
1,warm,153,-7.508935209315e-01,9.693205e-06
1,warm,154,-7.508937912304e-01,1.692772e-05
1,warm,155,-7.508936775601e-01,3.054738e-06
1,warm,156,-7.508934524484e-01,8.285046e-06
1,warm,157,-7.508936129096e-01,7.390976e-06
1,warm,158,-7.508936679942e-01,4.865229e-06
1,warm,159,-7.508937775373e-01,1.747906e-05
1,warm,160,-7.508940492781e-01,1.346320e-05
1,warm,161,-7.508933833080e-01,3.099442e-06
1,warm,162,-7.508941634864e-01,6.973743e-06
1,warm,163,-7.508938278671e-01,8.225441e-06
1,warm,164,-7.508939801190e-01,1.429766e-05
1,warm,165,-7.508936398157e-01,5.967915e-06
1,warm,166,-7.508934874914e-01,4.887581e-06
1,warm,167,-7.508935165693e-01,1.293421e-05
1,warm,168,-7.508935960678e-01,8.046627e-06
1,warm,169,-7.508934367259e-01,8.389354e-06
1,warm,170,-7.508931215955e-01,4.768372e-06
1,warm,171,-7.508936148623e-01,1.206249e-05
1,warm,172,-7.508937145112e-01,1.907349e-06
1,warm,173,-7.508940283475e-01,8.210540e-06
1,warm,174,-7.508934455000e-01,7.331371e-06
1,warm,175,-7.508940008267e-01,9.737909e-06
1,warm,176,-7.508936752248e-01,9.141862e-06
1,warm,177,-7.508938491797e-01,7.871538e-06
1,warm,178,-7.508935065115e-01,9.112060e-06
1,warm,179,-7.508936743665e-01,8.877367e-06
1,warm,180,-7.508940599522e-01,7.867813e-06
1,warm,181,-7.508938726278e-01,2.336502e-05
1,warm,182,-7.508932161596e-01,1.513958e-05
1,warm,183,-7.508933025107e-01,8.404255e-06
1,warm,184,-7.508937979639e-01,1.418591e-05
1,warm,185,-7.508940275467e-01,1.031160e-05
1,warm,186,-7.508934288093e-01,7.122755e-06
1,warm,187,-7.508936532073e-01,4.481524e-06
1,warm,188,-7.508936609647e-01,1.052767e-05
1,warm,189,-7.508943024617e-01,1.180172e-05
1,warm,190,-7.508936490209e-01,4.831702e-06
1,warm,191,-7.508939464628e-01,1.196563e-05
1,warm,192,-7.508935513867e-01,1.090392e-05
1,warm,193,-7.508934312881e-01,1.418591e-05
1,warm,194,-7.508934452150e-01,5.125999e-06
1,warm,195,-7.508933239466e-01,8.463860e-06
1,warm,196,-7.508933897675e-01,1.098216e-05
1,warm,197,-7.508938476562e-01,4.023314e-06
1,warm,198,-7.508937691010e-01,3.688037e-06
1,warm,199,-7.508934969914e-01,8.396804e-06
1,warm,200,-7.508933783470e-01,8.225441e-06
1,warm,200,-7.508933783470e-01,8.225441e-06
1,warm,201,-7.508935486732e-01,7.450581e-06
1,warm,202,-7.508940598409e-01,1.364946e-05
1,warm,203,-7.508941004746e-01,8.761883e-06
1,warm,204,-7.508939841307e-01,1.132488e-05
1,warm,205,-7.508938534697e-01,8.761883e-06
1,warm,206,-7.508933879669e-01,8.322299e-06
1,warm,207,-7.508931283557e-01,6.303191e-06
1,warm,208,-7.508937072256e-01,7.778406e-06
1,warm,209,-7.508937432042e-01,1.114607e-05
1,warm,210,-7.508936328097e-01,1.131371e-05
1,warm,211,-7.508937962725e-01,7.033348e-06
1,warm,212,-7.508942092334e-01,1.209974e-05
1,warm,213,-7.508935593087e-01,7.927418e-06
1,warm,214,-7.508930469477e-01,1.204014e-05
1,warm,215,-7.508936054862e-01,5.077571e-06
1,warm,216,-7.508934189967e-01,1.052022e-05
1,warm,217,-7.508935094418e-01,8.881092e-06
1,warm,218,-7.508934874652e-01,6.794930e-06
1,warm,219,-7.508937332926e-01,9.536743e-06
1,warm,220,-7.508939582621e-01,7.834285e-06
1,warm,221,-7.508935591045e-01,6.176531e-06
1,warm,222,-7.508934288885e-01,7.390976e-06
1,warm,223,-7.508935164366e-01,6.582588e-06
1,warm,224,-7.508938987195e-01,1.188368e-05
1,warm,225,-7.508936214555e-01,1.549721e-05
1,warm,226,-7.508936992117e-01,1.752377e-05
1,warm,227,-7.508937235811e-01,8.583069e-06
1,warm,228,-7.508941619924e-01,1.829863e-05
1,warm,229,-7.508938033396e-01,5.349517e-06
1,warm,230,-7.508936309384e-01,3.695488e-06
1,warm,231,-7.508937340917e-01,4.850328e-06
1,warm,232,-7.508935435717e-01,6.973743e-06
1,warm,233,-7.508936308716e-01,4.127622e-06
1,warm,234,-7.508934991446e-01,3.915280e-06
1,warm,235,-7.508931204154e-01,6.202608e-06
1,warm,236,-7.508933383979e-01,3.743917e-06
1,warm,237,-7.508940301956e-01,7.387251e-06
1,warm,238,-7.508940641678e-01,1.728535e-05
1,warm,239,-7.508943859231e-01,7.487833e-06
1,warm,240,-7.508937833241e-01,4.857779e-06
1,warm,241,-7.508932070624e-01,1.080334e-05
1,warm,242,-7.508935288228e-01,1.232326e-05
1,warm,243,-7.508936715921e-01,3.959984e-06
1,warm,244,-7.508936012146e-01,4.947186e-06
1,warm,245,-7.508933711787e-01,3.650784e-06
1,warm,246,-7.508936598046e-01,9.268522e-06
1,warm,247,-7.508935421311e-01,1.287460e-05
1,warm,248,-7.508936620927e-01,1.712143e-05
1,warm,249,-7.508938192173e-01,1.043081e-05
1,warm,250,-7.508935381371e-01,1.025200e-05
1,warm,251,-7.508933816108e-01,6.675720e-06
1,warm,252,-7.508934317652e-01,7.942319e-06
1,warm,253,-7.508934586081e-01,1.323223e-05
1,warm,254,-7.508941023632e-01,1.166761e-05
1,warm,255,-7.508933816639e-01,3.337860e-06
1,warm,256,-7.508934116163e-01,2.217293e-05
1,warm,257,-7.508933619132e-01,9.566545e-06
1,warm,258,-7.508930782377e-01,8.970499e-06
1,warm,259,-7.508930076861e-01,7.405877e-06
1,warm,260,-7.508935865627e-01,6.735325e-06
1,warm,261,-7.508938564150e-01,1.698732e-05
1,warm,262,-7.508936570313e-01,7.137656e-06
1,warm,263,-7.508937326211e-01,1.355261e-05
1,warm,264,-7.508934954095e-01,1.621246e-05
1,warm,265,-7.508935201935e-01,7.804483e-06
1,warm,266,-7.508938274063e-01,8.359551e-06
1,warm,267,-7.508938304100e-01,7.882714e-06
1,warm,268,-7.508941532999e-01,1.592934e-05
1,warm,269,-7.508939544725e-01,6.020069e-06
1,warm,270,-7.508941719706e-01,1.555681e-05
1,warm,271,-7.508935268178e-01,2.682209e-06
1,warm,272,-7.508931879454e-01,9.119511e-06
1,warm,273,-7.508933498517e-01,9.417534e-06
1,warm,274,-7.508934833742e-01,1.603365e-05
1,warm,275,-7.508936041670e-01,5.841255e-06
1,warm,276,-7.508934322838e-01,5.133450e-06
1,warm,277,-7.508939807362e-01,9.372830e-06
1,warm,278,-7.508932664574e-01,9.402633e-06
1,warm,279,-7.508933164548e-01,4.764646e-06
1,warm,280,-7.508936237886e-01,6.381422e-06
1,warm,281,-7.508930298135e-01,1.316518e-05
1,warm,282,-7.508934668844e-01,1.188368e-05
1,warm,283,-7.508935454596e-01,1.019239e-05
1,warm,284,-7.508933225952e-01,1.077354e-05
1,warm,285,-7.508937041224e-01,1.088530e-05
1,warm,286,-7.508938392478e-01,7.688999e-06
1,warm,287,-7.508934107943e-01,3.989786e-06
1,warm,288,-7.508933975719e-01,1.114607e-05
1,warm,289,-7.508934044546e-01,7.152557e-06
1,warm,290,-7.508933155071e-01,1.078844e-05
1,warm,291,-7.508933447430e-01,1.132488e-05
1,warm,292,-7.508934445684e-01,1.519918e-05
1,warm,293,-7.508939950111e-01,8.579344e-06
1,warm,294,-7.508933589878e-01,9.700656e-06
1,warm,295,-7.508938124349e-01,1.257658e-05
1,warm,296,-7.508941311738e-01,5.755574e-06
1,warm,297,-7.508934353804e-01,5.125999e-06
1,warm,298,-7.508937476354e-01,1.278520e-05
1,warm,299,-7.508937589728e-01,5.550683e-06
1,warm,300,-7.508933005955e-01,5.125999e-06
1,warm,300,-7.508933005955e-01,5.125999e-06
1,warm,301,-7.508933681659e-01,6.131828e-06
1,warm,302,-7.508932681734e-01,1.186132e-05
1,warm,303,-7.508940002654e-01,7.946044e-06
1,warm,304,-7.508933325730e-01,6.314367e-06
1,warm,305,-7.508937989206e-01,6.742775e-06
1,warm,306,-7.508939049425e-01,8.523464e-06
1,warm,307,-7.508938383133e-01,6.671995e-06
1,warm,308,-7.508933769773e-01,1.088530e-05
1,warm,309,-7.508935233425e-01,7.815659e-06
1,warm,310,-7.508936848274e-01,2.205372e-06
1,warm,311,-7.508938264690e-01,2.259016e-05
1,warm,312,-7.508932939858e-01,1.192093e-05
1,warm,313,-7.508937692156e-01,1.156330e-05
1,warm,314,-7.508938332274e-01,1.990795e-05
1,warm,315,-7.508938198632e-01,1.364946e-05
1,warm,316,-7.508934685695e-01,9.499490e-06
1,warm,317,-7.508939509875e-01,1.633167e-05
1,warm,318,-7.508935836881e-01,1.019239e-05
1,warm,319,-7.508937552754e-01,2.440065e-06
1,warm,320,-7.508934527994e-01,7.510185e-06
1,warm,321,-7.508932654445e-01,1.215935e-05
1,warm,322,-7.508932825647e-01,6.567687e-06
1,warm,323,-7.508938157477e-01,9.834766e-06
1,warm,324,-7.508934219571e-01,1.144409e-05
1,warm,325,-7.508934365410e-01,5.170703e-06
1,warm,326,-7.508939183771e-01,5.677342e-06
1,warm,327,-7.508935350439e-01,4.015863e-06
1,warm,328,-7.508934007848e-01,6.556511e-06
1,warm,329,-7.508935107146e-01,6.556511e-06
1,warm,330,-7.508934132431e-01,1.108646e-05
1,warm,331,-7.508940410345e-01,5.222857e-06
1,warm,332,-7.508936780259e-01,9.417534e-06
1,warm,333,-7.508935907067e-01,6.020069e-06
1,warm,334,-7.508933530898e-01,6.441027e-06
1,warm,335,-7.508934149989e-01,7.927418e-06
1,warm,336,-7.508936850845e-01,4.172325e-06
1,warm,337,-7.508934394643e-01,1.060963e-05
1,warm,338,-7.508936278207e-01,9.059906e-06
1,warm,339,-7.508935017245e-01,5.699694e-06
1,warm,340,-7.508939188570e-01,2.987683e-06
1,warm,341,-7.508938489841e-01,4.351139e-06
1,warm,342,-7.508932398428e-01,5.304813e-06
1,warm,343,-7.508935567559e-01,4.835427e-06
1,warm,344,-7.508937764930e-01,4.477799e-06
1,warm,345,-7.508938092990e-01,7.450581e-06
1,warm,346,-7.508933321914e-01,6.884336e-06
1,warm,347,-7.508933003851e-01,8.121133e-06
1,warm,348,-7.508930235584e-01,7.450581e-06
1,warm,349,-7.508934214355e-01,9.179115e-06
1,warm,350,-7.508935897895e-01,6.474555e-06
1,warm,351,-7.508931939552e-01,6.042421e-06
1,warm,352,-7.508934589326e-01,6.459653e-06
1,warm,353,-7.508938867886e-01,8.225441e-06
1,warm,354,-7.508937194514e-01,3.322959e-06
1,warm,355,-7.508939601475e-01,3.516674e-06
1,warm,356,-7.508937871165e-01,9.357929e-06
1,warm,357,-7.508939868201e-01,1.311302e-05
1,warm,358,-7.508934392785e-01,1.020357e-05
1,warm,359,-7.508935033184e-01,1.281500e-05
1,warm,360,-7.508938971182e-01,4.660338e-06
1,warm,361,-7.508939327249e-01,6.150454e-06
1,warm,362,-7.508937120441e-01,1.380593e-05
1,warm,363,-7.508933400896e-01,4.868954e-06
1,warm,364,-7.508939028015e-01,7.152557e-06
1,warm,365,-7.508938063411e-01,4.988164e-06
1,warm,366,-7.508937298005e-01,9.801239e-06
1,warm,367,-7.508934386726e-01,4.209578e-06
1,warm,368,-7.508937865146e-01,1.019239e-05
1,warm,369,-7.508936517388e-01,4.827976e-06
1,warm,370,-7.508934038469e-01,9.238720e-06
1,warm,371,-7.508931806621e-01,4.246831e-06
1,warm,372,-7.508935372017e-01,7.152557e-06
1,warm,373,-7.508933944440e-01,4.827976e-06
1,warm,374,-7.508937470934e-01,6.139278e-06
1,warm,375,-7.508935693031e-01,6.157905e-06
1,warm,376,-7.508932960234e-01,6.891787e-06
1,warm,377,-7.508936252352e-01,6.794930e-06
1,warm,378,-7.508938081344e-01,9.238720e-06
1,warm,379,-7.508937738118e-01,1.090765e-05
1,warm,380,-7.508935846135e-01,8.150935e-06
1,warm,381,-7.508935881830e-01,4.332513e-06
1,warm,382,-7.508936809632e-01,1.424551e-05
1,warm,383,-7.508937610375e-01,8.821487e-06
1,warm,384,-7.508936236480e-01,1.417100e-05
1,warm,385,-7.508939167983e-01,1.239777e-05
1,warm,386,-7.508933437589e-01,7.614493e-06
1,warm,387,-7.508935632307e-01,5.524606e-06
1,warm,388,-7.508938377693e-01,5.729496e-06
1,warm,389,-7.508932268603e-01,5.725771e-06
1,warm,390,-7.508938638526e-01,1.001358e-05
1,warm,391,-7.508935159573e-01,1.293421e-05
1,warm,392,-7.508936107272e-01,5.826354e-06
1,warm,393,-7.508936760940e-01,1.257658e-05
1,warm,394,-7.508942579704e-01,5.960464e-06
1,warm,395,-7.508938066145e-01,3.933907e-06
1,warm,396,-7.508938668313e-01,2.074242e-05
1,warm,397,-7.508933407204e-01,1.036376e-05
1,warm,398,-7.508935737853e-01,7.778406e-06
1,warm,399,-7.508936467054e-01,5.140901e-06
1,warm,400,-7.508934506547e-01,5.446374e-06
1,warm,400,-7.508934506547e-01,5.446374e-06
1,warm,401,-7.508938172960e-01,1.525879e-05
1,warm,402,-7.508938542503e-01,1.251698e-05
1,warm,403,-7.508936482978e-01,7.834285e-06
1,warm,404,-7.508934180013e-01,2.366304e-05
1,warm,405,-7.508932995341e-01,1.162291e-05
1,warm,406,-7.508935060951e-01,1.347438e-05
1,warm,407,-7.508935425921e-01,5.055219e-06
1,warm,408,-7.508938001522e-01,2.259016e-05
1,warm,409,-7.508934025703e-01,1.132488e-05
1,warm,410,-7.508933735684e-01,1.132488e-05
1,warm,411,-7.508932853537e-01,6.623566e-06
1,warm,412,-7.508931685924e-01,1.078844e-05
1,warm,413,-7.508930005260e-01,6.608665e-06
1,warm,414,-7.508936757741e-01,5.587935e-06
1,warm,415,-7.508932823183e-01,1.192093e-05
1,warm,416,-7.508936327071e-01,1.454353e-05
1,warm,417,-7.508935928855e-01,4.380941e-06
1,warm,418,-7.508935512485e-01,5.424023e-06
1,warm,419,-7.508932306908e-01,4.861504e-06
1,warm,420,-7.508938294435e-01,4.172325e-06
1,warm,421,-7.508935547319e-01,8.225441e-06
1,warm,422,-7.508938259364e-01,1.442432e-05
1,warm,423,-7.508934852599e-01,5.863607e-06
1,warm,424,-7.508937730278e-01,1.400709e-05
1,warm,425,-7.508935065819e-01,6.973743e-06
1,warm,426,-7.508933379819e-01,5.193055e-06
1,warm,427,-7.508938422821e-01,1.109391e-05
1,warm,428,-7.508933574194e-01,1.919270e-05
1,warm,429,-7.508935866149e-01,5.919486e-06
1,warm,430,-7.508936371060e-01,5.245209e-06
1,warm,431,-7.508937209297e-01,6.474555e-06
1,warm,432,-7.508934445366e-01,3.755093e-06
1,warm,433,-7.508937738704e-01,1.603365e-05
1,warm,434,-7.508933790056e-01,1.076609e-05
1,warm,435,-7.508939068401e-01,1.046807e-05
1,warm,436,-7.508934233225e-01,1.320243e-05
1,warm,437,-7.508929899525e-01,1.697242e-05
1,warm,438,-7.508934932269e-01,1.063198e-05
1,warm,439,-7.508936412499e-01,8.612871e-06
1,warm,440,-7.508939989967e-01,4.649162e-06
1,warm,441,-7.508938403111e-01,4.183501e-06
1,warm,442,-7.508933876900e-01,5.558133e-06
1,warm,443,-7.508940622606e-01,6.452203e-06
1,warm,444,-7.508938993483e-01,3.881752e-06
1,warm,445,-7.508935586763e-01,8.761883e-06
1,warm,446,-7.508936031785e-01,1.633167e-05
1,warm,447,-7.508933519504e-01,1.573563e-05
1,warm,448,-7.508941013371e-01,4.440546e-06
1,warm,449,-7.508937299517e-01,6.794930e-06
1,warm,450,-7.508937266985e-01,7.331371e-06
1,warm,451,-7.508935265946e-01,9.603798e-06
1,warm,452,-7.508932048390e-01,8.523464e-06
1,warm,453,-7.508936918489e-01,7.137656e-06
1,warm,454,-7.508934414192e-01,1.305342e-05
1,warm,455,-7.508933577605e-01,1.192093e-05
1,warm,456,-7.508928921488e-01,1.052767e-05
1,warm,457,-7.508939566385e-01,7.480383e-06
1,warm,458,-7.508932849826e-01,5.245209e-06
1,warm,459,-7.508938093974e-01,6.835908e-06
1,warm,460,-7.508939745150e-01,9.633601e-06
1,warm,461,-7.508937013411e-01,1.087040e-05
1,warm,462,-7.508936308958e-01,1.042336e-05
1,warm,463,-7.508933505771e-01,1.308322e-05
1,warm,464,-7.508937625649e-01,5.386770e-06
1,warm,465,-7.508937854345e-01,2.163649e-05
1,warm,466,-7.508935993170e-01,6.675720e-06
1,warm,467,-7.508936868798e-01,9.365380e-06
1,warm,468,-7.508942927466e-01,7.092953e-06
1,warm,469,-7.508937632006e-01,1.615286e-05
1,warm,470,-7.508939221636e-01,1.072884e-05
1,warm,471,-7.508940124833e-01,2.521276e-05
1,warm,472,-7.508940267570e-01,1.252443e-05
1,warm,473,-7.508937743551e-01,6.083399e-06
1,warm,474,-7.508933357157e-01,9.715557e-06
1,warm,475,-7.508936746048e-01,6.638467e-06
1,warm,476,-7.508935658372e-01,6.586313e-06
1,warm,477,-7.508937541618e-01,1.399964e-05
1,warm,478,-7.508935577011e-01,6.929040e-06
1,warm,479,-7.508933453023e-01,1.603365e-05
1,warm,480,-7.508934984388e-01,9.417534e-06
1,warm,481,-7.508930192669e-01,8.076429e-06
1,warm,482,-7.508939796588e-01,1.949072e-05
1,warm,483,-7.508939192216e-01,1.171976e-05
1,warm,484,-7.508934794858e-01,4.861504e-06
1,warm,485,-7.508931702378e-01,4.320880e-06
1,warm,486,-7.508937812169e-01,4.470348e-06
1,warm,487,-7.508939232565e-01,9.715557e-06
1,warm,488,-7.508931873561e-01,7.428229e-06
1,warm,489,-7.508933887229e-01,4.112720e-06
1,warm,490,-7.508936966986e-01,3.390014e-06
1,warm,491,-7.508935031606e-01,6.198883e-06
1,warm,492,-7.508938878864e-01,1.603365e-05
1,warm,493,-7.508937136809e-01,8.136034e-06
1,warm,494,-7.508934561418e-01,1.192093e-05
1,warm,495,-7.508940118098e-01,1.025200e-05
1,warm,496,-7.508941961022e-01,1.025200e-05
1,warm,497,-7.508935673599e-01,3.021210e-06
1,warm,498,-7.508937154124e-01,8.523464e-06
1,warm,499,-7.508940032704e-01,2.199411e-05
1,warm,500,-7.508934424881e-01,7.629395e-06
1,warm,500,-7.508934424881e-01,7.629395e-06
1,warm,501,-7.508935613504e-01,1.573563e-05
1,warm,502,-7.508941541552e-01,6.429851e-06
1,warm,503,-7.508935768070e-01,8.299947e-06
1,warm,504,-7.508935170876e-01,1.233816e-05
1,warm,505,-7.508934115706e-01,8.329749e-06
1,warm,506,-7.508937748263e-01,1.373887e-05
1,warm,507,-7.508934473712e-01,1.496077e-05
1,warm,508,-7.508933729268e-01,1.225621e-05
1,warm,509,-7.508935292272e-01,1.082197e-05
1,warm,510,-7.508937069254e-01,1.209974e-05
1,warm,511,-7.508932173614e-01,1.075119e-05
1,warm,512,-7.508938812405e-01,9.410083e-06
1,warm,513,-7.508935758623e-01,8.702278e-06
1,warm,514,-7.508935325570e-01,6.258488e-06
1,warm,515,-7.508935538055e-01,1.118705e-05
1,warm,516,-7.508934753747e-01,8.061528e-06
1,warm,517,-7.508932908580e-01,1.090765e-05
1,warm,518,-7.508936306623e-01,1.555681e-05
1,warm,519,-7.508934419326e-01,6.482005e-06
1,warm,520,-7.508933058111e-01,8.106232e-06
1,warm,521,-7.508937575194e-01,1.275539e-05
1,warm,522,-7.508935124381e-01,8.009374e-06
1,warm,523,-7.508935635973e-01,7.987022e-06
1,warm,524,-7.508939151994e-01,5.476177e-06
1,warm,525,-7.508935286203e-01,6.735325e-06
1,warm,526,-7.508936569477e-01,1.013279e-05
1,warm,527,-7.508937351567e-01,1.144409e-05
1,warm,528,-7.508934751444e-01,6.914139e-06
1,warm,529,-7.508940459699e-01,9.059906e-06
1,warm,530,-7.508933596399e-01,8.337200e-06
1,warm,531,-7.508934633485e-01,8.910894e-06
1,warm,532,-7.508935460863e-01,2.980232e-06
1,warm,533,-7.508931839998e-01,2.371009e-06
1,warm,534,-7.508935705448e-01,2.320856e-06
1,warm,535,-7.508936320269e-01,1.597404e-05
1,warm,536,-7.508939110771e-01,5.472451e-06
1,warm,537,-7.508935800687e-01,1.180172e-05
1,warm,538,-7.508937209550e-01,1.436472e-05
1,warm,539,-7.508936035891e-01,7.748604e-06
1,warm,540,-7.508937192183e-01,4.768372e-06
1,warm,541,-7.508936673433e-01,6.061047e-06
1,warm,542,-7.508935763987e-01,7.331371e-06
1,warm,543,-7.508932105250e-01,6.794930e-06
1,warm,544,-7.508935018630e-01,6.284565e-06
1,warm,545,-7.508937499677e-01,5.602837e-06
1,warm,546,-7.508935951986e-01,8.545816e-06
1,warm,547,-7.508935310020e-01,1.454353e-05
1,warm,548,-7.508939346950e-01,1.490116e-05
1,warm,549,-7.508932736378e-01,5.170703e-06
1,warm,550,-7.508931677955e-01,7.402152e-06
1,warm,551,-7.508934300687e-01,9.175390e-06
1,warm,552,-7.508935170527e-01,9.059906e-06
1,warm,553,-7.508933061176e-01,4.798174e-06
1,warm,554,-7.508933727653e-01,1.519918e-05
1,warm,555,-7.508936508371e-01,6.563962e-06
1,warm,556,-7.508930539997e-01,4.835427e-06
1,warm,557,-7.508935232373e-01,6.608665e-06
1,warm,558,-7.508934485362e-01,7.364899e-06
1,warm,559,-7.508938531536e-01,2.330542e-05
1,warm,560,-7.508934001300e-01,1.305342e-05
1,warm,561,-7.508933185112e-01,3.814697e-06
1,warm,562,-7.508933254334e-01,1.639128e-05
1,warm,563,-7.508933713009e-01,1.019239e-05
1,warm,564,-7.508935908846e-01,7.804483e-06
1,warm,565,-7.508938048054e-01,8.441508e-06
1,warm,566,-7.508938705027e-01,6.198883e-06
1,warm,567,-7.508932971512e-01,1.078844e-05
1,warm,568,-7.508935033172e-01,9.573996e-06
1,warm,569,-7.508931097502e-01,7.901341e-06
1,warm,570,-7.508939713179e-01,7.271767e-06
1,warm,571,-7.508937963172e-01,7.987022e-06
1,warm,572,-7.508930817900e-01,3.173947e-06
1,warm,573,-7.508933261874e-01,4.239380e-06
1,warm,574,-7.508935331395e-01,1.588464e-05
1,warm,575,-7.508933217463e-01,1.442432e-05
1,warm,576,-7.508934699334e-01,9.179115e-06
1,warm,577,-7.508935421440e-01,8.597970e-06
1,warm,578,-7.508936572918e-01,6.198883e-06
1,warm,579,-7.508931254112e-01,7.998198e-06
1,warm,580,-7.508933295281e-01,5.960464e-06
1,warm,581,-7.508932964977e-01,3.814697e-06
1,warm,582,-7.508934270987e-01,8.344650e-06
1,warm,583,-7.508935233839e-01,4.172325e-06
1,warm,584,-7.508931083317e-01,1.043081e-05
1,warm,585,-7.508935498182e-01,6.549060e-06
1,warm,586,-7.508932461473e-01,6.914139e-06
1,warm,587,-7.508936215476e-01,8.881092e-06
1,warm,588,-7.508937752686e-01,7.271767e-06
1,warm,589,-7.508933107689e-01,1.287460e-05
1,warm,590,-7.508935828807e-01,7.748604e-06
1,warm,591,-7.508935572209e-01,7.368624e-06
1,warm,592,-7.508935596056e-01,4.660338e-06
1,warm,593,-7.508942773974e-01,4.492700e-06
1,warm,594,-7.508940359040e-01,1.060963e-05
1,warm,595,-7.508934907825e-01,6.511807e-06
1,warm,596,-7.508936374044e-01,1.084805e-05
1,warm,597,-7.508938660601e-01,1.710653e-05
1,warm,598,-7.508937538396e-01,9.953976e-06
1,warm,599,-7.508934506107e-01,3.695488e-06
1,warm,600,-7.508935265331e-01,8.225441e-06
1,warm,600,-7.508935265331e-01,8.225441e-06
1,warm,601,-7.508939973110e-01,1.162291e-05
1,warm,602,-7.508938104126e-01,8.853157e-06
1,warm,603,-7.508938113612e-01,1.513958e-05
1,warm,604,-7.508932805556e-01,8.631498e-06
1,warm,605,-7.508932207120e-01,1.370907e-05
1,warm,606,-7.508939010019e-01,6.441027e-06
1,warm,607,-7.508937943556e-01,6.854534e-06
1,warm,608,-7.508936764070e-01,7.636845e-06
1,warm,609,-7.508933871023e-01,1.005456e-05
1,warm,610,-7.508937752303e-01,1.193956e-05
1,warm,611,-7.508935316143e-01,1.889467e-05
1,warm,612,-7.508934533331e-01,9.655952e-06
1,warm,613,-7.508932165495e-01,1.385063e-05
1,warm,614,-7.508932679320e-01,1.142547e-05
1,warm,615,-7.508933982738e-01,6.552786e-06
1,warm,616,-7.508932402168e-01,7.234514e-06
1,warm,617,-7.508932304928e-01,6.277114e-06
1,warm,618,-7.508928592494e-01,1.198053e-05
1,warm,619,-7.508933653974e-01,1.104176e-05
1,warm,620,-7.508937539203e-01,8.463860e-06
1,warm,621,-7.508937525508e-01,6.638467e-06
1,warm,622,-7.508935057047e-01,6.318092e-06
1,warm,623,-7.508934273074e-01,8.344650e-06
1,warm,624,-7.508932356215e-01,9.320676e-06
1,warm,625,-7.508931074654e-01,4.719943e-06
1,warm,626,-7.508932181991e-01,7.860363e-06
1,warm,627,-7.508932595648e-01,4.336238e-06
1,warm,628,-7.508937613038e-01,5.565584e-06
1,warm,629,-7.508932474765e-01,5.353242e-06
1,warm,630,-7.508934664067e-01,9.536743e-06
1,warm,631,-7.508932326967e-01,5.554408e-06
1,warm,632,-7.508939725742e-01,3.628433e-06
1,warm,633,-7.508934981354e-01,9.775162e-06
1,warm,634,-7.508938582693e-01,6.485730e-06
1,warm,635,-7.508937866801e-01,1.752377e-05
1,warm,636,-7.508935851770e-01,1.174212e-05
1,warm,637,-7.508935262101e-01,1.297891e-05
1,warm,638,-7.508935447928e-01,8.404255e-06
1,warm,639,-7.508938483018e-01,1.174212e-05
1,warm,640,-7.508934857118e-01,7.703900e-06
1,warm,641,-7.508937497601e-01,1.166761e-05
1,warm,642,-7.508935228169e-01,7.275492e-06
1,warm,643,-7.508938570512e-01,1.299381e-05
1,warm,644,-7.508936441685e-01,7.450581e-06
1,warm,645,-7.508935420297e-01,5.602837e-06
1,warm,646,-7.508928951209e-01,5.722046e-06
1,warm,647,-7.508936293969e-01,5.610287e-06
1,warm,648,-7.508931569683e-01,4.570931e-06
1,warm,649,-7.508934097121e-01,1.025200e-05
1,warm,650,-7.508936721979e-01,1.102686e-05
1,warm,651,-7.508934954099e-01,2.071261e-06
1,warm,652,-7.508934292051e-01,1.269579e-05
1,warm,653,-7.508934966021e-01,1.311302e-05
1,warm,654,-7.508943160817e-01,4.053116e-06
1,warm,655,-7.508939122708e-01,6.258488e-06
1,warm,656,-7.508934868615e-01,7.744879e-06
1,warm,657,-7.508937661454e-01,1.215935e-05
1,warm,658,-7.508933882557e-01,9.536743e-06
1,warm,659,-7.508937580966e-01,9.477139e-06
1,warm,660,-7.508936726763e-01,9.298325e-06
1,warm,661,-7.508930422650e-01,1.169741e-05
1,warm,662,-7.508937023917e-01,5.550683e-06
1,warm,663,-7.508933374630e-01,8.642673e-06
1,warm,664,-7.508935207708e-01,8.344650e-06
1,warm,665,-7.508940452429e-01,4.239380e-06
1,warm,666,-7.508935379046e-01,1.919270e-05
1,warm,667,-7.508934817598e-01,9.596348e-06
1,warm,668,-7.508933032398e-01,1.084805e-05
1,warm,669,-7.508938780781e-01,1.484156e-05
1,warm,670,-7.508939857972e-01,1.221895e-05
1,warm,671,-7.508934308607e-01,8.106232e-06
1,warm,672,-7.508936952095e-01,1.137331e-05
1,warm,673,-7.508938344320e-01,4.895031e-06
1,warm,674,-7.508932326041e-01,5.286187e-06
1,warm,675,-7.508938218857e-01,6.794930e-06
1,warm,676,-7.508937937071e-01,2.253056e-05
1,warm,677,-7.508935625508e-01,1.239777e-05
1,warm,678,-7.508935864260e-01,1.180172e-05
1,warm,679,-7.508939098103e-01,3.550202e-06
1,warm,680,-7.508939324438e-01,4.649162e-06
1,warm,681,-7.508935350109e-01,6.094575e-06
1,warm,682,-7.508940645963e-01,4.827976e-06
1,warm,683,-7.508936144911e-01,7.245690e-06
1,warm,684,-7.508938306987e-01,8.214265e-06
1,warm,685,-7.508935389683e-01,1.406670e-05
1,warm,686,-7.508933296164e-01,3.755093e-06
1,warm,687,-7.508935308789e-01,1.585484e-05
1,warm,688,-7.508936780017e-01,9.834766e-06
1,warm,689,-7.508937560832e-01,1.782179e-05
1,warm,690,-7.508933492485e-01,7.212162e-06
1,warm,691,-7.508937271257e-01,2.127886e-05
1,warm,692,-7.508933627986e-01,1.955032e-05
1,warm,693,-7.508938526518e-01,1.257658e-05
1,warm,694,-7.508938268333e-01,5.595386e-06
1,warm,695,-7.508933763493e-01,1.120567e-05
1,warm,696,-7.508933615098e-01,6.452203e-06
1,warm,697,-7.508939225436e-01,1.358986e-05
1,warm,698,-7.508936903245e-01,8.523464e-06
1,warm,699,-7.508933966191e-01,7.331371e-06
1,warm,700,-7.508935020162e-01,1.251698e-05
1,warm,700,-7.508935020162e-01,1.251698e-05
1,warm,701,-7.508939904057e-01,4.484137e-06
1,warm,702,-7.508937073611e-01,1.865625e-05
1,warm,703,-7.508934857630e-01,6.988645e-06
1,warm,704,-7.508939528055e-01,8.821487e-06
1,warm,705,-7.508933575502e-01,3.695488e-06
1,warm,706,-7.508934461253e-01,3.285706e-06
1,warm,707,-7.508934130115e-01,5.692244e-06
1,warm,708,-7.508936480918e-01,4.649162e-06
1,warm,709,-7.508938373825e-01,1.047552e-05
1,warm,710,-7.508937494053e-01,1.022220e-05
1,warm,711,-7.508938064668e-01,8.109957e-06
1,warm,712,-7.508938154949e-01,1.299381e-05
1,warm,713,-7.508938767621e-01,8.530915e-06
1,warm,714,-7.508931810132e-01,1.060963e-05
1,warm,715,-7.508932215195e-01,8.523464e-06
1,warm,716,-7.508928235443e-01,4.947186e-06
1,warm,717,-7.508938844944e-01,1.412630e-05
1,warm,718,-7.508933906174e-01,9.298325e-06
1,warm,719,-7.508940139615e-01,1.746416e-05
1,warm,720,-7.508934228267e-01,1.286715e-05
1,warm,721,-7.508935558128e-01,5.602837e-06
1,warm,722,-7.508936241399e-01,7.510185e-06
1,warm,723,-7.508933626575e-01,8.106232e-06
1,warm,724,-7.508935895810e-01,3.907830e-06
1,warm,725,-7.508932705199e-01,5.580485e-06
1,warm,726,-7.508935881594e-01,8.814037e-06
1,warm,727,-7.508942025388e-01,1.436472e-05
1,warm,728,-7.508937643780e-01,3.416091e-06
1,warm,729,-7.508937707906e-01,1.811981e-05
1,warm,730,-7.508931624812e-01,8.895993e-06
1,warm,731,-7.508936995163e-01,5.975366e-06
1,warm,732,-7.508936636141e-01,8.821487e-06
1,warm,733,-7.508935263933e-01,5.006790e-06
1,warm,734,-7.508934924417e-01,7.461756e-06
1,warm,735,-7.508936007482e-01,8.046627e-06
1,warm,736,-7.508937430489e-01,9.916723e-06
1,warm,737,-7.508937758624e-01,1.281500e-05
1,warm,738,-7.508935568070e-01,1.610816e-05
1,warm,739,-7.508938947259e-01,9.596348e-06
1,warm,740,-7.508939414225e-01,7.309020e-06
1,warm,741,-7.508938999154e-01,6.526709e-06
1,warm,742,-7.508931756898e-01,7.040799e-06
1,warm,743,-7.508932717159e-01,7.584691e-06
1,warm,744,-7.508936092683e-01,1.084805e-05
1,warm,745,-7.508935204721e-01,4.224479e-06
1,warm,746,-7.508935442981e-01,6.735325e-06
1,warm,747,-7.508930917950e-01,3.784895e-06
1,warm,748,-7.508934649186e-01,8.881092e-06
1,warm,749,-7.508933488690e-01,6.847084e-06
1,warm,750,-7.508940416127e-01,9.231269e-06
1,warm,751,-7.508937769996e-01,9.000301e-06
1,warm,752,-7.508935644496e-01,7.547438e-06
1,warm,753,-7.508930995890e-01,8.523464e-06
1,warm,754,-7.508934072208e-01,7.726252e-06
1,warm,755,-7.508932127516e-01,1.209974e-05
1,warm,756,-7.508932926049e-01,8.534640e-06
1,warm,757,-7.508938128107e-01,8.076429e-06
1,warm,758,-7.508937327765e-01,1.317263e-05
1,warm,759,-7.508937169218e-01,1.116097e-05
1,warm,760,-7.508939123434e-01,1.233816e-05
1,warm,761,-7.508935132722e-01,1.043081e-05
1,warm,762,-7.508933727930e-01,3.196299e-06
1,warm,763,-7.508934972852e-01,7.987022e-06
1,warm,764,-7.508936648361e-01,1.013279e-05
1,warm,765,-7.508942519022e-01,1.552701e-05
1,warm,766,-7.508937306321e-01,7.569790e-06
1,warm,767,-7.508943243776e-01,1.257658e-05
1,warm,768,-7.508937189401e-01,7.223338e-06
1,warm,769,-7.508932857010e-01,5.785376e-06
1,warm,770,-7.508937997475e-01,1.265109e-05
1,warm,771,-7.508940685633e-01,8.344650e-06
1,warm,772,-7.508936051618e-01,6.794930e-06
1,warm,773,-7.508937911053e-01,6.586313e-06
1,warm,774,-7.508935016884e-01,8.583069e-06
1,warm,775,-7.508935481102e-01,9.059906e-06
1,warm,776,-7.508934845420e-01,8.068979e-06
1,warm,777,-7.508931501346e-01,5.215406e-06
1,warm,778,-7.508931352129e-01,8.955598e-06
1,warm,779,-7.508934073153e-01,9.775162e-06
1,warm,780,-7.508937421938e-01,1.299381e-05
1,warm,781,-7.508938166949e-01,8.650124e-06
1,warm,782,-7.508932046742e-01,7.688999e-06
1,warm,783,-7.508933638958e-01,4.813075e-06
1,warm,784,-7.508936025626e-01,1.311302e-05
1,warm,785,-7.508935945535e-01,5.781651e-06
1,warm,786,-7.508935253263e-01,1.019239e-05
1,warm,787,-7.508934826395e-01,3.948808e-06
1,warm,788,-7.508935816315e-01,7.882714e-06
1,warm,789,-7.508937195057e-01,3.241003e-06
1,warm,790,-7.508931652486e-01,4.619360e-06
1,warm,791,-7.508935227668e-01,5.275011e-06
1,warm,792,-7.508934557998e-01,9.298325e-06
1,warm,793,-7.508938433188e-01,7.688999e-06
1,warm,794,-7.508932431567e-01,9.298325e-06
1,warm,795,-7.508935453251e-01,1.509488e-05
1,warm,796,-7.508933468498e-01,2.068281e-05
1,warm,797,-7.508932618348e-01,6.675720e-06
1,warm,798,-7.508931813790e-01,9.655952e-06
1,warm,799,-7.508933436915e-01,1.424551e-05
1,warm,800,-7.508937879419e-01,7.271767e-06
1,warm,800,-7.508937879419e-01,7.271767e-06
1,warm,801,-7.508934820523e-01,7.934868e-06
1,warm,802,-7.508934941608e-01,1.460314e-05
1,warm,803,-7.508934194800e-01,7.688999e-06
1,warm,804,-7.508938865827e-01,6.660819e-06
1,warm,805,-7.508932970155e-01,8.601695e-06
1,warm,806,-7.508938596329e-01,9.655952e-06
1,warm,807,-7.508934122560e-01,5.841255e-06
1,warm,808,-7.508934707011e-01,1.543760e-05
1,warm,809,-7.508939848046e-01,2.080202e-05
1,warm,810,-7.508934347281e-01,1.159310e-05
1,warm,811,-7.508933770558e-01,8.277595e-06
1,warm,812,-7.508940929510e-01,8.523464e-06
1,warm,813,-7.508935183865e-01,4.947186e-06
1,warm,814,-7.508937562109e-01,1.782179e-05
1,warm,815,-7.508935101562e-01,1.895428e-05
1,warm,816,-7.508935358429e-01,5.118549e-06
1,warm,817,-7.508937519332e-01,5.431473e-06
1,warm,818,-7.508935853721e-01,1.235306e-05
1,warm,819,-7.508933744711e-01,1.288205e-05
1,warm,820,-7.508938071823e-01,8.106232e-06
1,warm,821,-7.508933530410e-01,7.204711e-06
1,warm,822,-7.508934741797e-01,6.988645e-06
1,warm,823,-7.508935152388e-01,6.675720e-06
1,warm,824,-7.508932385898e-01,4.447997e-06
1,warm,825,-7.508930155046e-01,4.760921e-06
1,warm,826,-7.508932510675e-01,3.676862e-06
1,warm,827,-7.508930072235e-01,1.269579e-05
1,warm,828,-7.508937417882e-01,6.079674e-06
1,warm,829,-7.508935378573e-01,3.337860e-06
1,warm,830,-7.508935044290e-01,8.843839e-06
1,warm,831,-7.508939547301e-01,7.748604e-06
1,warm,832,-7.508934889045e-01,7.748604e-06
1,warm,833,-7.508938137769e-01,6.794930e-06
1,warm,834,-7.508936264486e-01,1.180172e-05
1,warm,835,-7.508932320562e-01,1.883507e-05
1,warm,836,-7.508934044771e-01,7.025898e-06
1,warm,837,-7.508938123168e-01,8.702278e-06
1,warm,838,-7.508939917482e-01,1.287460e-05
1,warm,839,-7.508937295418e-01,1.746416e-05
1,warm,840,-7.508934768131e-01,4.231930e-06
1,warm,841,-7.508935775746e-01,8.501112e-06
1,warm,842,-7.508937046041e-01,1.698732e-05
1,warm,843,-7.508937634542e-01,3.933907e-06
1,warm,844,-7.508937498504e-01,6.556511e-06
1,warm,845,-7.508935747225e-01,9.842217e-06
1,warm,846,-7.508938292428e-01,8.400530e-06
1,warm,847,-7.508935460394e-01,1.220405e-05
1,warm,848,-7.508938832275e-01,8.169562e-06
1,warm,849,-7.508933966664e-01,1.251698e-05
1,warm,850,-7.508930211741e-01,1.674891e-05
1,warm,851,-7.508933783971e-01,5.722046e-06
1,warm,852,-7.508936840123e-01,8.963048e-06
1,warm,853,-7.508936519712e-01,1.513958e-05
1,warm,854,-7.508933894623e-01,9.428710e-06
1,warm,855,-7.508935562840e-01,1.847744e-05
1,warm,856,-7.508935767437e-01,3.635883e-06
1,warm,857,-7.508932965668e-01,8.162111e-06
1,warm,858,-7.508934197524e-01,4.634261e-06
1,warm,859,-7.508933799735e-01,1.007318e-05
1,warm,860,-7.508934809984e-01,1.280010e-05
1,warm,861,-7.508932872019e-01,1.033396e-05
1,warm,862,-7.508929459199e-01,1.002103e-05
1,warm,863,-7.508937825070e-01,2.276897e-05
1,warm,864,-7.508938591685e-01,1.114607e-05
1,warm,865,-7.508936367214e-01,5.841255e-06
1,warm,866,-7.508934446222e-01,1.055002e-05
1,warm,867,-7.508935268355e-01,1.776218e-05
1,warm,868,-7.508932002196e-01,7.010996e-06
1,warm,869,-7.508937316885e-01,6.437302e-06
1,warm,870,-7.508938261662e-01,7.912517e-06
1,warm,871,-7.508931596539e-01,6.616116e-06
1,warm,872,-7.508937766079e-01,7.629395e-06
1,warm,873,-7.508933492693e-01,8.460134e-06
1,warm,874,-7.508934476373e-01,3.613532e-06
1,warm,875,-7.508934693869e-01,1.370907e-05
1,warm,876,-7.508936185899e-01,1.144409e-05
1,warm,877,-7.508936178365e-01,6.295741e-06
1,warm,878,-7.508941719773e-01,6.102026e-06
1,warm,879,-7.508935748637e-01,1.150370e-05
1,warm,880,-7.508936870898e-01,8.523464e-06
1,warm,881,-7.508932471339e-01,8.583069e-06
1,warm,882,-7.508935484842e-01,7.867813e-06
1,warm,883,-7.508929599564e-01,5.476177e-06
1,warm,884,-7.508936707652e-01,7.666647e-06
1,warm,885,-7.508937246040e-01,1.209974e-05
1,warm,886,-7.508938399536e-01,6.392598e-06
1,warm,887,-7.508933255289e-01,8.225441e-06
1,warm,888,-7.508935255771e-01,7.752329e-06
1,warm,889,-7.508936219858e-01,1.114607e-05
1,warm,890,-7.508935491418e-01,1.225621e-05
1,warm,891,-7.508933698769e-01,1.394004e-05
1,warm,892,-7.508938070637e-01,1.204014e-05
1,warm,893,-7.508935599528e-01,1.405925e-05
1,warm,894,-7.508934826454e-01,9.179115e-06
1,warm,895,-7.508935699270e-01,1.424551e-05
1,warm,896,-7.508936567706e-01,9.708107e-06
1,warm,897,-7.508936376181e-01,5.941838e-06
1,warm,898,-7.508940536287e-01,1.799315e-05
1,warm,899,-7.508936227171e-01,2.336502e-05
1,warm,900,-7.508939244591e-01,1.305342e-05
1,warm,900,-7.508939244591e-01,1.305342e-05
1,warm,901,-7.508940369643e-01,1.257658e-05
1,warm,902,-7.508937983598e-01,7.912517e-06
1,warm,903,-7.508939458331e-01,8.136034e-06
1,warm,904,-7.508936934383e-01,3.606081e-06
1,warm,905,-7.508935002504e-01,6.377697e-06
1,warm,906,-7.508931322254e-01,1.358986e-05
1,warm,907,-7.508934877708e-01,4.582107e-06
1,warm,908,-7.508933136035e-01,4.060566e-06
1,warm,909,-7.508932536171e-01,1.051649e-05
1,warm,910,-7.508935421690e-01,3.889203e-06
1,warm,911,-7.508936130759e-01,1.084805e-05
1,warm,912,-7.508933101544e-01,1.102686e-05
1,warm,913,-7.508932670418e-01,7.551163e-06
1,warm,914,-7.508932582092e-01,1.109391e-05
1,warm,915,-7.508932139772e-01,5.006790e-06
1,warm,916,-7.508933548417e-01,1.031160e-05
1,warm,917,-7.508934872795e-01,6.128103e-06
1,warm,918,-7.508935477946e-01,1.293421e-05
1,warm,919,-7.508930437234e-01,5.267560e-06
1,warm,920,-7.508931667209e-01,5.245209e-06
1,warm,921,-7.508933532570e-01,2.998859e-06
1,warm,922,-7.508935549338e-01,6.023794e-06
1,warm,923,-7.508937797715e-01,5.602837e-06
1,warm,924,-7.508933311950e-01,6.351620e-06
1,warm,925,-7.508938960413e-01,1.592189e-05
1,warm,926,-7.508934881837e-01,4.425808e-06
1,warm,927,-7.508936878848e-01,4.649162e-06
1,warm,928,-7.508933909627e-01,6.258488e-06
1,warm,929,-7.508937317013e-01,1.138821e-05
1,warm,930,-7.508934925185e-01,4.470348e-06
1,warm,931,-7.508938067669e-01,1.146644e-05
1,warm,932,-7.508936052577e-01,5.260110e-06
1,warm,933,-7.508935035268e-01,1.906421e-06
1,warm,934,-7.508936086612e-01,3.397465e-06
1,warm,935,-7.508935354946e-01,2.518296e-06
1,warm,936,-7.508937637932e-01,9.872019e-06
1,warm,937,-7.508939925023e-01,6.280839e-06
1,warm,938,-7.508937417899e-01,2.793968e-06
1,warm,939,-7.508939597854e-01,5.923212e-06
1,warm,940,-7.508939917023e-01,8.583069e-06
1,warm,941,-7.508934277154e-01,1.013279e-05
1,warm,942,-7.508939473984e-01,1.078844e-05
1,warm,943,-7.508935013834e-01,9.775162e-06
1,warm,944,-7.508934422169e-01,5.818903e-06
1,warm,945,-7.508938099253e-01,1.166761e-05
1,warm,946,-7.508937423218e-01,1.336634e-05
1,warm,947,-7.508934201800e-01,9.715557e-06
1,warm,948,-7.508934337592e-01,7.756054e-06
1,warm,949,-7.508938855375e-01,8.650124e-06
1,warm,950,-7.508936744004e-01,1.549721e-05
1,warm,951,-7.508934544773e-01,1.310557e-05
1,warm,952,-7.508933927819e-01,5.416572e-06
1,warm,953,-7.508932891726e-01,7.785857e-06
1,warm,954,-7.508931829617e-01,5.289912e-06
1,warm,955,-7.508934349846e-01,1.215935e-05
1,warm,956,-7.508938236334e-01,1.025200e-05
1,warm,957,-7.508935305318e-01,8.285046e-06
1,warm,958,-7.508930297396e-01,1.120567e-05
1,warm,959,-7.508930450834e-01,9.626150e-06
1,warm,960,-7.508933839577e-01,6.116927e-06
1,warm,961,-7.508935082661e-01,1.090765e-05
1,warm,962,-7.508932259079e-01,9.864569e-06
1,warm,963,-7.508935061518e-01,1.049042e-05
1,warm,964,-7.508938527795e-01,6.020069e-06
1,warm,965,-7.508931957611e-01,6.914139e-06
1,warm,966,-7.508935055442e-01,3.673136e-06
1,warm,967,-7.508931006139e-01,5.900860e-06
1,warm,968,-7.508939367687e-01,4.231930e-06
1,warm,969,-7.508938587601e-01,4.649162e-06
1,warm,970,-7.508939409462e-01,1.611561e-05
1,warm,971,-7.508934620700e-01,1.329184e-05
1,warm,972,-7.508939758337e-01,2.795458e-05
1,warm,973,-7.508934815310e-01,7.063150e-06
1,warm,974,-7.508934416186e-01,4.120171e-06
1,warm,975,-7.508931865285e-01,1.931190e-05
1,warm,976,-7.508935252394e-01,7.510185e-06
1,warm,977,-7.508935672440e-01,5.841255e-06
1,warm,978,-7.508932845739e-01,6.914139e-06
1,warm,979,-7.508938696898e-01,7.383525e-06
1,warm,980,-7.508938228668e-01,1.043081e-05
1,warm,981,-7.508938273891e-01,1.502037e-05
1,warm,982,-7.508940595146e-01,9.167939e-06
1,warm,983,-7.508938035589e-01,1.448393e-05
1,warm,984,-7.508932136948e-01,7.629395e-06
1,warm,985,-7.508936168373e-01,9.477139e-06
1,warm,986,-7.508937236155e-01,1.496077e-05
1,warm,987,-7.508935292317e-01,1.162291e-05
1,warm,988,-7.508935479124e-01,8.225441e-06
1,warm,989,-7.508938644458e-01,1.579523e-05
1,warm,990,-7.508937681501e-01,9.413809e-06
1,warm,991,-7.508939083560e-01,7.566065e-06
1,warm,992,-7.508939268372e-01,8.463860e-06
1,warm,993,-7.508937428076e-01,3.494322e-06
1,warm,994,-7.508936632050e-01,4.321337e-06
1,warm,995,-7.508938978508e-01,7.808208e-06
1,warm,996,-7.508936708263e-01,1.716614e-05
1,warm,997,-7.508931418452e-01,8.083880e-06
1,warm,998,-7.508933331455e-01,5.319715e-06
1,warm,999,-7.508934470942e-01,9.298325e-06
1,warm,1000,-7.508935049798e-01,5.222857e-06
1,warm,1000,-7.508935049798e-01,5.222857e-06
1,warm,1001,-7.508932091388e-01,6.206334e-06
1,warm,1002,-7.508933357625e-01,6.437302e-06
1,warm,1003,-7.508936212359e-01,5.178154e-06
1,warm,1004,-7.508938373447e-01,4.492700e-06
1,warm,1005,-7.508941336259e-01,1.943111e-05
1,warm,1006,-7.508935564757e-01,4.451722e-06
1,warm,1007,-7.508936929652e-01,4.567206e-06
1,warm,1008,-7.508930450966e-01,4.291534e-06
1,warm,1009,-7.508935753458e-01,5.617738e-06
1,warm,1010,-7.508938630708e-01,1.639128e-05
1,warm,1011,-7.508932711285e-01,9.786338e-06
1,warm,1012,-7.508940589965e-01,7.260591e-06
1,warm,1013,-7.508937560096e-01,7.033348e-06
1,warm,1014,-7.508938068034e-01,9.715557e-06
1,warm,1015,-7.508938298853e-01,7.033348e-06
1,warm,1016,-7.508933539989e-01,1.013279e-05
1,warm,1017,-7.508935406421e-01,8.385628e-06
1,warm,1018,-7.508936197552e-01,8.843839e-06
1,warm,1019,-7.508936938531e-01,8.285046e-06
1,warm,1020,-7.508932103218e-01,6.839633e-06
1,warm,1021,-7.508933709535e-01,8.121133e-06
1,warm,1022,-7.508939762740e-01,4.112720e-06
1,warm,1023,-7.508941462980e-01,1.585484e-05
1,warm,1024,-7.508939196653e-01,3.367662e-06
1,warm,1025,-7.508933530499e-01,4.675239e-06
1,warm,1026,-7.508943477159e-01,8.251518e-06
1,warm,1027,-7.508936974219e-01,5.125999e-06
1,warm,1028,-7.508933972870e-01,4.395843e-06
1,warm,1029,-7.508937045440e-01,1.513958e-05
1,warm,1030,-7.508935939514e-01,6.113201e-06
1,warm,1031,-7.508938302559e-01,1.817942e-05
1,warm,1032,-7.508935786625e-01,1.335144e-05
1,warm,1033,-7.508939133474e-01,9.410083e-06
1,warm,1034,-7.508938370863e-01,6.694347e-06
1,warm,1035,-7.508933527042e-01,1.466274e-05
1,warm,1036,-7.508937397621e-01,3.933907e-06
1,warm,1037,-7.508937569691e-01,1.764297e-05
1,warm,1038,-7.508934948811e-01,5.125999e-06
1,warm,1039,-7.508937628556e-01,6.422400e-06
1,warm,1040,-7.508939420082e-01,1.710653e-05
1,warm,1041,-7.508934638137e-01,7.033348e-06
1,warm,1042,-7.508933825687e-01,6.020069e-06
1,warm,1043,-7.508935357736e-01,5.543232e-06
1,warm,1044,-7.508938466521e-01,1.379102e-05
1,warm,1045,-7.508938481517e-01,1.823902e-05
1,warm,1046,-7.508934162776e-01,9.477139e-06
1,warm,1047,-7.508940707047e-01,4.716218e-06
1,warm,1048,-7.508933243514e-01,4.827976e-06
1,warm,1049,-7.508931767602e-01,8.352101e-06
1,warm,1050,-7.508931947692e-01,1.037121e-05
1,warm,1051,-7.508939234119e-01,3.736466e-06
1,warm,1052,-7.508934968287e-01,5.722046e-06
1,warm,1053,-7.508938743708e-01,8.881092e-06
1,warm,1054,-7.508937133711e-01,3.147121e-06
1,warm,1055,-7.508937695954e-01,1.393259e-05
1,warm,1056,-7.508938304157e-01,8.702278e-06
1,warm,1057,-7.508934205378e-01,5.461276e-06
1,warm,1058,-7.508931182345e-01,6.258488e-06
1,warm,1059,-7.508930992540e-01,4.410744e-06
1,warm,1060,-7.508929613563e-01,5.364418e-06
1,warm,1061,-7.508932310496e-01,5.483627e-06
1,warm,1062,-7.508933874454e-01,1.281500e-05
1,warm,1063,-7.508929145688e-01,3.874302e-06
1,warm,1064,-7.508934295715e-01,8.810312e-06
1,warm,1065,-7.508934413258e-01,1.120567e-05
1,warm,1066,-7.508935511955e-01,1.412630e-05
1,warm,1067,-7.508937530959e-01,8.702278e-06
1,warm,1068,-7.508935432055e-01,6.198883e-06
1,warm,1069,-7.508940326095e-01,8.881092e-06
1,warm,1070,-7.508938941639e-01,1.603365e-05
1,warm,1071,-7.508941714615e-01,2.248585e-05
1,warm,1072,-7.508939026896e-01,5.178154e-06
1,warm,1073,-7.508935391996e-01,5.006790e-06
1,warm,1074,-7.508936682703e-01,3.755093e-06
1,warm,1075,-7.508932734903e-01,9.007752e-06
1,warm,1076,-7.508938508120e-01,3.915280e-06
1,warm,1077,-7.508938522845e-01,1.966953e-05
1,warm,1078,-7.508936456040e-01,1.287460e-05
1,warm,1079,-7.508938696877e-01,1.440942e-05
1,warm,1080,-7.508934062882e-01,3.822148e-06
1,warm,1081,-7.508933256436e-01,7.145107e-06
1,warm,1082,-7.508934577866e-01,5.614012e-06
1,warm,1083,-7.508938580177e-01,1.239777e-05
1,warm,1084,-7.508932882141e-01,8.404255e-06
1,warm,1085,-7.508938131231e-01,1.102686e-05
1,warm,1086,-7.508937823334e-01,8.165836e-06
1,warm,1087,-7.508936101658e-01,7.040799e-06
1,warm,1088,-7.508932416762e-01,8.046627e-06
1,warm,1089,-7.508937357713e-01,9.059906e-06
1,warm,1090,-7.508938554684e-01,7.200986e-06
1,warm,1091,-7.508939397351e-01,4.261732e-06
1,warm,1092,-7.508933421813e-01,9.447336e-06
1,warm,1093,-7.508932412566e-01,5.047768e-06
1,warm,1094,-7.508944046100e-01,7.037073e-06
1,warm,1095,-7.508937077178e-01,8.158386e-06
1,warm,1096,-7.508935494417e-01,8.463860e-06
1,warm,1097,-7.508931233924e-01,1.592934e-05
1,warm,1098,-7.508934008650e-01,9.551644e-06
1,warm,1099,-7.508936806998e-01,7.573515e-06
1,warm,1100,-7.508934614292e-01,1.758337e-05
1,warm,1100,-7.508934614292e-01,1.758337e-05
1,warm,1101,-7.508935942049e-01,9.350974e-06
1,warm,1102,-7.508928489783e-01,1.376867e-05
1,warm,1103,-7.508930379739e-01,1.553446e-05
1,warm,1104,-7.508935225033e-01,1.609325e-05
1,warm,1105,-7.508935252638e-01,1.215038e-05
1,warm,1106,-7.508939001264e-01,1.728535e-05
1,warm,1107,-7.508939610136e-01,3.223578e-06
1,warm,1108,-7.508936147881e-01,1.484156e-05
1,warm,1109,-7.508941451989e-01,1.829863e-05
1,warm,1110,-7.508941878028e-01,4.921108e-06
1,warm,1111,-7.508935784864e-01,5.442649e-06
1,warm,1112,-7.508934414897e-01,5.081296e-06
1,warm,1113,-7.508935981495e-01,7.577240e-06
1,warm,1114,-7.508933522501e-01,1.972914e-05
1,warm,1115,-7.508931441851e-01,1.233071e-05
1,warm,1116,-7.508935508339e-01,6.079674e-06
1,warm,1117,-7.508931700590e-01,9.775162e-06
1,warm,1118,-7.508937507082e-01,1.227856e-05
1,warm,1119,-7.508933829900e-01,5.602837e-06
1,warm,1120,-7.508934352100e-01,6.496906e-06
1,warm,1121,-7.508934711983e-01,1.192093e-05
1,warm,1122,-7.508937343820e-01,9.067357e-06
1,warm,1123,-7.508932642778e-01,1.543760e-05
1,warm,1124,-7.508935604570e-01,3.971159e-06
1,warm,1125,-7.508934207598e-01,5.673617e-06
1,warm,1126,-7.508936786628e-01,7.927418e-06
1,warm,1127,-7.508933884928e-01,5.960464e-06
1,warm,1128,-7.508933842351e-01,1.144409e-05
1,warm,1129,-7.508932169974e-01,9.953976e-06
1,warm,1130,-7.508934312731e-01,8.486211e-06
1,warm,1131,-7.508936044547e-01,6.437302e-06
1,warm,1132,-7.508933260120e-01,7.174909e-06
1,warm,1133,-7.508937877584e-01,1.168251e-05
1,warm,1134,-7.508940356010e-01,6.072223e-06
1,warm,1135,-7.508937817530e-01,6.675720e-06
1,warm,1136,-7.508932046585e-01,6.817281e-06
1,warm,1137,-7.508933260489e-01,4.444271e-06
1,warm,1138,-7.508936522240e-01,2.766169e-06
1,warm,1139,-7.508939727884e-01,4.746020e-06
1,warm,1140,-7.508932646739e-01,1.209974e-05
1,warm,1141,-7.508936408749e-01,1.435727e-05
1,warm,1142,-7.508933468776e-01,1.651049e-05
1,warm,1143,-7.508934957937e-01,1.072884e-05
1,warm,1144,-7.508930711615e-01,3.457069e-06
1,warm,1145,-7.508936094699e-01,3.792346e-06
1,warm,1146,-7.508937000499e-01,5.260110e-06
1,warm,1147,-7.508934843219e-01,9.283423e-06
1,warm,1148,-7.508935110950e-01,8.206815e-06
1,warm,1149,-7.508932853408e-01,4.682690e-06
1,warm,1150,-7.508940265488e-01,9.633601e-06
1,warm,1151,-7.508939468073e-01,9.983778e-06
1,warm,1152,-7.508938202607e-01,5.543232e-06
1,warm,1153,-7.508936658655e-01,6.139278e-06
1,warm,1154,-7.508931228231e-01,9.834766e-06
1,warm,1155,-7.508934788387e-01,1.019239e-05
1,warm,1156,-7.508937376791e-01,1.206249e-05
1,warm,1157,-7.508936057229e-01,5.900860e-06
1,warm,1158,-7.508935958475e-01,7.525086e-06
1,warm,1159,-7.508934804171e-01,6.437302e-06
1,warm,1160,-7.508937437681e-01,7.092953e-06
1,warm,1161,-7.508932331175e-01,5.006790e-06
1,warm,1162,-7.508932559323e-01,1.019239e-05
1,warm,1163,-7.508933136740e-01,1.072884e-05
1,warm,1164,-7.508935069757e-01,9.313226e-06
1,warm,1165,-7.508933094152e-01,1.132488e-05
1,warm,1166,-7.508934963366e-01,6.020069e-06
1,warm,1167,-7.508939073582e-01,4.529953e-06
1,warm,1168,-7.508935341504e-01,6.616116e-06
1,warm,1169,-7.508933169066e-01,4.872680e-06
1,warm,1170,-7.508934505715e-01,7.033348e-06
1,warm,1171,-7.508935862705e-01,7.748604e-06
1,warm,1172,-7.508933460942e-01,1.281500e-05
1,warm,1173,-7.508937210989e-01,6.377697e-06
1,warm,1174,-7.508937264094e-01,1.538545e-05
1,warm,1175,-7.508934126491e-01,7.688999e-06
1,warm,1176,-7.508935916383e-01,4.477799e-06
1,warm,1177,-7.508933738190e-01,8.940697e-06
1,warm,1178,-7.508934998940e-01,9.439886e-06
1,warm,1179,-7.508931630298e-01,7.182360e-06
1,warm,1180,-7.508934159932e-01,5.129725e-06
1,warm,1181,-7.508933860790e-01,3.695488e-06
1,warm,1182,-7.508938380384e-01,1.057982e-05
1,warm,1183,-7.508938729094e-01,5.900860e-06
1,warm,1184,-7.508936369019e-01,7.510185e-06
1,warm,1185,-7.508935508269e-01,9.533018e-06
1,warm,1186,-7.508940490594e-01,5.174428e-06
1,warm,1187,-7.508935368345e-01,8.583069e-06
1,warm,1188,-7.508935396341e-01,1.180172e-05
1,warm,1189,-7.508935329674e-01,4.351139e-06
1,warm,1190,-7.508937222637e-01,1.895428e-05
1,warm,1191,-7.508934282727e-01,1.090765e-05
1,warm,1192,-7.508939005210e-01,1.132488e-05
1,warm,1193,-7.508936168951e-01,4.649162e-06
1,warm,1194,-7.508933103393e-01,5.695969e-06
1,warm,1195,-7.508935054602e-01,2.674758e-06
1,warm,1196,-7.508935759909e-01,6.899238e-06
1,warm,1197,-7.508937684863e-01,7.025898e-06
1,warm,1198,-7.508933947182e-01,6.377697e-06
1,warm,1199,-7.508933282896e-01,6.854534e-06
1,warm,1200,-7.508940127888e-01,8.136034e-06
1,warm,1200,-7.508940127888e-01,8.136034e-06
1,warm,1201,-7.508935343519e-01,8.463860e-06
1,warm,1202,-7.508934029729e-01,7.882714e-06
1,warm,1203,-7.508935484739e-01,1.132488e-05
1,warm,1204,-7.508934537252e-01,1.569092e-05
1,warm,1205,-7.508932389190e-01,6.221235e-06
1,warm,1206,-7.508931030952e-01,1.490116e-05
1,warm,1207,-7.508937498233e-01,5.185604e-06
1,warm,1208,-7.508936938031e-01,5.349517e-06
1,warm,1209,-7.508938609864e-01,4.943460e-06
1,warm,1210,-7.508936895749e-01,1.532584e-05
1,warm,1211,-7.508937080437e-01,1.162291e-05
1,warm,1212,-7.508935854181e-01,1.549721e-05
1,warm,1213,-7.508932248597e-01,1.060963e-05
1,warm,1214,-7.508933716627e-01,8.910894e-06
1,warm,1215,-7.508937138477e-01,5.185604e-06
1,warm,1216,-7.508932933682e-01,9.119511e-06
1,warm,1217,-7.508933525997e-01,1.332164e-05
1,warm,1218,-7.508937620485e-01,3.919005e-06
1,warm,1219,-7.508939624477e-01,9.596348e-06
1,warm,1220,-7.508938630826e-01,9.611249e-06
1,warm,1221,-7.508936457375e-01,6.794930e-06
1,warm,1222,-7.508933134311e-01,6.467104e-06
1,warm,1223,-7.508936606157e-01,4.582107e-06
1,warm,1224,-7.508934339117e-01,1.406670e-05
1,warm,1225,-7.508934542602e-01,9.350479e-06
1,warm,1226,-7.508937600018e-01,6.087124e-06
1,warm,1227,-7.508930298023e-01,7.569790e-06
1,warm,1228,-7.508935005238e-01,8.761883e-06
1,warm,1229,-7.508939319200e-01,7.748604e-06
1,warm,1230,-7.508933853763e-01,1.259148e-05
1,warm,1231,-7.508934366139e-01,7.450581e-06
1,warm,1232,-7.508935429046e-01,8.597970e-06
1,warm,1233,-7.508933326752e-01,1.472235e-05
1,warm,1234,-7.508931634344e-01,4.284084e-06
1,warm,1235,-7.508937812456e-01,1.370907e-05
1,warm,1236,-7.508938732228e-01,4.172325e-06
1,warm,1237,-7.508944343776e-01,8.881092e-06
1,warm,1238,-7.508941229447e-01,8.225441e-06
1,warm,1239,-7.508934315986e-01,8.802861e-06
1,warm,1240,-7.508938632278e-01,8.627772e-06
1,warm,1241,-7.508936394822e-01,6.660819e-06
1,warm,1242,-7.508936452868e-01,3.375113e-06
1,warm,1243,-7.508935217869e-01,1.585484e-05
1,warm,1244,-7.508936542262e-01,1.430511e-05
1,warm,1245,-7.508933523633e-01,8.076429e-06
1,warm,1246,-7.508930990345e-01,8.225441e-06
1,warm,1247,-7.508933171480e-01,6.258488e-06
1,warm,1248,-7.508938504138e-01,8.344650e-06
1,warm,1249,-7.508933940282e-01,1.484156e-05
1,warm,1250,-7.508938814199e-01,8.575618e-06
1,warm,1251,-7.508931807350e-01,6.388873e-06
1,warm,1252,-7.508935015404e-01,4.582107e-06
1,warm,1253,-7.508935076369e-01,9.417534e-06
1,warm,1254,-7.508936333202e-01,2.615983e-06
1,warm,1255,-7.508934453773e-01,2.139807e-05
1,warm,1256,-7.508938430725e-01,7.331371e-06
1,warm,1257,-7.508937395440e-01,1.558661e-05
1,warm,1258,-7.508931616588e-01,1.448393e-05
1,warm,1259,-7.508941359268e-01,9.298325e-06
1,warm,1260,-7.508935148187e-01,7.092953e-06
1,warm,1261,-7.508934953334e-01,7.987022e-06
1,warm,1262,-7.508940172487e-01,7.510185e-06
1,warm,1263,-7.508935065476e-01,7.048249e-06
1,warm,1264,-7.508935542822e-01,2.348423e-05
1,warm,1265,-7.508932599139e-01,7.867813e-06
1,warm,1266,-7.508931157566e-01,7.033348e-06
1,warm,1267,-7.508934677621e-01,2.540648e-06
1,warm,1268,-7.508937390921e-01,1.192093e-05
1,warm,1269,-7.508934431000e-01,8.463860e-06
1,warm,1270,-7.508938599212e-01,6.940216e-06
1,warm,1271,-7.508937510013e-01,9.238720e-06
1,warm,1272,-7.508937389113e-01,1.108646e-05
1,warm,1273,-7.508938290408e-01,9.655952e-06
1,warm,1274,-7.508938353834e-01,1.484156e-05
1,warm,1275,-7.508933398775e-01,7.510185e-06
1,warm,1276,-7.508936361711e-01,6.817281e-06
1,warm,1277,-7.508934840448e-01,4.272908e-06
1,warm,1278,-7.508938797521e-01,5.543232e-06
1,warm,1279,-7.508942376390e-01,7.867813e-06
1,warm,1280,-7.508940401576e-01,7.629395e-06
2,random,0,-4.983042026295e-01,3.162947e-02
2,random,1,-5.023741961599e-01,3.070572e-02
2,random,2,-5.209492200211e-01,1.841412e-01
2,random,3,-5.422060671429e-01,2.641278e-01
2,random,4,-5.636509656043e-01,2.393868e-01
2,random,5,-6.019903677731e-01,1.986637e-01
2,random,6,-6.164377205198e-01,3.672790e-01
2,random,7,-6.344312876507e-01,1.850088e-01
2,random,8,-6.573831152627e-01,2.602104e-01
2,random,9,-6.736686092084e-01,2.094921e-01
2,random,10,-6.817543856274e-01,1.104706e-01
2,random,11,-6.851578279782e-01,7.949269e-02
2,random,12,-6.903026465446e-01,1.233505e-01
2,random,13,-6.938405751239e-01,9.046279e-02
2,random,14,-6.958197224950e-01,3.057695e-02
2,random,15,-6.966095167485e-01,3.905461e-02
2,random,16,-6.971939454332e-01,1.855230e-02
2,random,17,-6.981213320842e-01,3.544129e-02
2,random,18,-6.987877910454e-01,2.872047e-02
2,random,19,-6.992678787486e-01,2.910133e-02
2,random,20,-6.996326285723e-01,2.486598e-02
2,random,21,-7.000932835214e-01,2.347768e-02
2,random,22,-7.006808569810e-01,3.595050e-02
2,random,23,-7.012849616424e-01,2.929774e-02
2,random,24,-7.023536025572e-01,3.947942e-02
2,random,25,-7.038224867109e-01,6.890700e-02
2,random,26,-7.042989615774e-01,6.773680e-02
2,random,27,-7.070401516196e-01,6.684548e-02
2,random,28,-7.099042220639e-01,7.468071e-02
2,random,29,-7.109824927171e-01,8.012238e-02
2,random,30,-7.122533434392e-01,7.758464e-02
2,random,31,-7.137482480446e-01,6.730791e-02
2,random,32,-7.150345686247e-01,4.247794e-02
2,random,33,-7.154268264899e-01,1.342341e-02
2,random,34,-7.155264460787e-01,1.018974e-02
2,random,35,-7.156697436946e-01,9.681801e-03
2,random,36,-7.157351487490e-01,7.104946e-03
2,random,37,-7.157499088677e-01,3.379181e-03
2,random,38,-7.157592709379e-01,4.094311e-03
2,random,39,-7.157639375462e-01,2.745136e-03
2,random,40,-7.157726123115e-01,2.887318e-03
2,random,41,-7.158284857953e-01,4.700383e-03
2,random,42,-7.158404516003e-01,5.391396e-03
2,random,43,-7.158520651236e-01,4.062565e-03
2,random,44,-7.158656907825e-01,4.873704e-03
2,random,45,-7.158985322040e-01,8.798420e-03
2,random,46,-7.159437660542e-01,1.074972e-02
2,random,47,-7.160005178828e-01,1.184717e-02
2,random,48,-7.160508693780e-01,1.664842e-02
2,random,49,-7.160843276974e-01,3.883859e-03
2,random,50,-7.160872261873e-01,2.531354e-03
2,random,51,-7.160891294889e-01,1.562368e-03
2,random,52,-7.160914630910e-01,1.671291e-03
2,random,53,-7.160919678866e-01,1.112870e-03
2,random,54,-7.160930570536e-01,9.711105e-04
2,random,55,-7.160946616089e-01,1.395357e-03
2,random,56,-7.160957053911e-01,1.323124e-03
2,random,57,-7.160971395097e-01,7.399649e-04
2,random,58,-7.160972748104e-01,5.146884e-04
2,random,59,-7.160970496149e-01,1.091834e-03
2,random,60,-7.160997255308e-01,2.393840e-03
2,random,61,-7.161017294612e-01,2.156432e-03
2,random,62,-7.161077434072e-01,3.412061e-03
2,random,63,-7.161210650534e-01,2.366240e-03
2,random,64,-7.161257006775e-01,4.382759e-03
2,random,65,-7.161288542815e-01,1.839936e-03
2,random,66,-7.161299037587e-01,1.226796e-03
2,random,67,-7.161316055446e-01,8.981679e-04
2,random,68,-7.161321032238e-01,7.498071e-04
2,random,69,-7.161324233251e-01,4.397282e-04
2,random,70,-7.161326360419e-01,4.759488e-04
2,random,71,-7.161327943935e-01,3.594635e-04
2,random,72,-7.161330612664e-01,2.867318e-04
2,random,73,-7.161328826479e-01,2.196690e-04
2,random,74,-7.161330379386e-01,3.237614e-04
2,random,75,-7.161334234634e-01,2.628453e-04
2,random,76,-7.161332092868e-01,2.548447e-04
2,random,77,-7.161336014368e-01,4.683123e-04
2,random,78,-7.161339422374e-01,1.444506e-03
2,random,79,-7.161345223164e-01,5.430989e-04
2,random,80,-7.161352179074e-01,2.139899e-04
2,random,81,-7.161349465107e-01,2.982688e-04
2,random,82,-7.161347879500e-01,3.445069e-04
2,random,83,-7.161344343004e-01,2.690352e-04
2,random,84,-7.161352378846e-01,2.932899e-04
2,random,85,-7.161355706575e-01,1.665557e-04
2,random,86,-7.161348968462e-01,1.012359e-04
2,random,87,-7.161348228370e-01,1.337902e-04
2,random,88,-7.161350958334e-01,4.679475e-05
2,random,89,-7.161353684732e-01,8.449492e-05
2,random,90,-7.161352124869e-01,1.663551e-04
2,random,91,-7.161349855299e-01,7.452686e-05
2,random,92,-7.161354981646e-01,3.617277e-05
2,random,93,-7.161351612961e-01,3.588675e-05
2,random,94,-7.161355245568e-01,3.855832e-05
2,random,95,-7.161352689458e-01,5.548378e-05
2,random,96,-7.161355154215e-01,2.963470e-05
2,random,97,-7.161350596115e-01,5.334096e-05
2,random,98,-7.161351775184e-01,3.783298e-05
2,random,99,-7.161350608786e-01,2.349863e-05
2,random,100,-7.161346942718e-01,1.522038e-05
2,random,100,-7.161346942718e-01,1.522038e-05
2,random,101,-7.161350923224e-01,9.190669e-06
2,random,102,-7.161352899148e-01,7.961609e-06
2,random,103,-7.161351616405e-01,5.348707e-06
2,random,104,-7.161351244389e-01,4.686281e-06
2,random,105,-7.161347710760e-01,4.510460e-06
2,random,106,-7.161349503803e-01,2.764938e-06
2,random,107,-7.161350985244e-01,9.244585e-06
2,random,108,-7.161355309058e-01,6.504971e-06
2,random,109,-7.161351705816e-01,5.163218e-06
2,random,110,-7.161351712329e-01,4.557853e-06
2,random,111,-7.161352501590e-01,3.136202e-06
2,random,112,-7.161355631031e-01,4.545834e-06
2,random,113,-7.161348577626e-01,3.801169e-06
2,random,114,-7.161345444763e-01,4.692902e-06
2,random,115,-7.161348604019e-01,6.123895e-06
2,random,116,-7.161352977739e-01,2.116313e-06
2,random,117,-7.161347762268e-01,3.015240e-06
2,random,118,-7.161351690431e-01,7.512404e-06
2,random,119,-7.161352808327e-01,5.337937e-06
2,random,120,-7.161353858247e-01,2.349517e-06
2,random,121,-7.161349446724e-01,2.105108e-06
2,random,122,-7.161355403757e-01,5.767037e-06
2,random,123,-7.161353729394e-01,4.950464e-06
2,random,124,-7.161352703966e-01,2.503437e-06
2,random,125,-7.161353764580e-01,3.224093e-06
2,random,126,-7.161354728238e-01,5.952514e-06
2,random,127,-7.161354593785e-01,4.442649e-06
2,random,128,-7.161350235804e-01,2.227188e-06
2,random,129,-7.161350007530e-01,5.066897e-06
2,random,130,-7.161351309829e-01,4.686246e-06
2,random,131,-7.161347776353e-01,2.215593e-06
2,random,132,-7.161346431951e-01,1.935838e-06
2,random,133,-7.161353387034e-01,6.398728e-06
2,random,134,-7.161355777496e-01,4.471669e-06
2,random,135,-7.161353093172e-01,6.278867e-06
2,random,136,-7.161346076613e-01,5.563116e-06
2,random,137,-7.161351622637e-01,2.826790e-06
2,random,138,-7.161358425136e-01,7.488087e-06
2,random,139,-7.161351151158e-01,4.631341e-06
2,random,140,-7.161353649046e-01,9.999980e-06
2,random,141,-7.161348817976e-01,3.552938e-06
2,random,142,-7.161350830135e-01,7.133857e-06
2,random,143,-7.161348021526e-01,4.391540e-06
2,random,144,-7.161349421699e-01,2.355848e-06
2,random,145,-7.161347330461e-01,5.624082e-06
2,random,146,-7.161352780394e-01,3.494383e-06
2,random,147,-7.161348863110e-01,3.344378e-06
2,random,148,-7.161347196686e-01,3.448946e-06
2,random,149,-7.161350273338e-01,2.573632e-06
2,random,150,-7.161351045155e-01,2.958197e-06
2,random,151,-7.161352030629e-01,8.386721e-06
2,random,152,-7.161352167752e-01,4.108499e-06
2,random,153,-7.161352547359e-01,2.552449e-06
2,random,154,-7.161355421780e-01,3.229839e-06
2,random,155,-7.161355976202e-01,5.502253e-06
2,random,156,-7.161349571733e-01,6.254975e-06
2,random,157,-7.161353921858e-01,9.414606e-06
2,random,158,-7.161354047256e-01,3.257937e-06
2,random,159,-7.161353058451e-01,9.109481e-06
2,random,160,-7.161355723586e-01,7.680389e-06
2,random,161,-7.161350325075e-01,9.625330e-06
2,random,162,-7.161353310521e-01,5.991961e-06
2,random,163,-7.161352420950e-01,5.803110e-06
2,random,164,-7.161353926203e-01,3.176384e-06
2,random,165,-7.161354917351e-01,8.052577e-06
2,random,166,-7.161353887592e-01,9.222143e-06
2,random,167,-7.161347904258e-01,1.277981e-05
2,random,168,-7.161349804272e-01,6.374929e-06
2,random,169,-7.161348992960e-01,6.507210e-06
2,random,170,-7.161350326564e-01,5.266183e-06
2,random,171,-7.161352773943e-01,1.084391e-05
2,random,172,-7.161351861206e-01,8.361823e-06
2,random,173,-7.161352505460e-01,9.067616e-06
2,random,174,-7.161354772697e-01,4.935989e-06
2,random,175,-7.161354934840e-01,2.226503e-06
2,random,176,-7.161350112245e-01,4.648747e-06
2,random,177,-7.161353344007e-01,6.037262e-06
2,random,178,-7.161352225499e-01,6.898017e-06
2,random,179,-7.161349066848e-01,6.347655e-06
2,random,180,-7.161353483849e-01,1.068268e-05
2,random,181,-7.161349038842e-01,6.608298e-06
2,random,182,-7.161348794503e-01,5.780200e-06
2,random,183,-7.161351413482e-01,7.626556e-06
2,random,184,-7.161351414894e-01,7.166941e-06
2,random,185,-7.161353774229e-01,8.437772e-06
2,random,186,-7.161351388027e-01,3.061171e-06
2,random,187,-7.161354728296e-01,9.148457e-06
2,random,188,-7.161352898578e-01,5.360588e-06
2,random,189,-7.161347108907e-01,8.877716e-06
2,random,190,-7.161347845760e-01,2.733805e-06
2,random,191,-7.161353075853e-01,3.067564e-06
2,random,192,-7.161352867250e-01,1.102304e-06
2,random,193,-7.161353552133e-01,1.003888e-05
2,random,194,-7.161352963721e-01,6.728950e-06
2,random,195,-7.161353193970e-01,3.214246e-06
2,random,196,-7.161352901269e-01,3.446279e-06
2,random,197,-7.161350948356e-01,2.278317e-06
2,random,198,-7.161354147593e-01,3.134598e-06
2,random,199,-7.161350770336e-01,3.478533e-06
2,random,200,-7.161354148754e-01,3.660429e-06
2,random,200,-7.161354148754e-01,3.660429e-06
2,random,201,-7.161350222621e-01,3.873835e-06
2,random,202,-7.161348516294e-01,6.046321e-06
2,random,203,-7.161348315654e-01,6.192307e-06
2,random,204,-7.161348525630e-01,4.770964e-06
2,random,205,-7.161349200069e-01,4.898553e-06
2,random,206,-7.161348589738e-01,2.102806e-06
2,random,207,-7.161353614982e-01,2.839214e-06
2,random,208,-7.161353917050e-01,7.291754e-06
2,random,209,-7.161349311654e-01,9.192165e-06
2,random,210,-7.161351735049e-01,3.992358e-06
2,random,211,-7.161349924475e-01,2.794243e-06
2,random,212,-7.161343834909e-01,6.199955e-06
2,random,213,-7.161351110723e-01,3.791331e-06
2,random,214,-7.161353017301e-01,4.388109e-06
2,random,215,-7.161353620660e-01,6.105016e-06
2,random,216,-7.161353968308e-01,2.954811e-06
2,random,217,-7.161352599463e-01,1.830396e-06
2,random,218,-7.161345769509e-01,4.250328e-06
2,random,219,-7.161353266829e-01,3.996751e-06
2,random,220,-7.161351191803e-01,5.147376e-06
2,random,221,-7.161352390250e-01,2.396781e-06
2,random,222,-7.161352739196e-01,1.912418e-06
2,random,223,-7.161350593816e-01,2.819717e-06
2,random,224,-7.161348800260e-01,3.053098e-06
2,random,225,-7.161351358266e-01,4.107628e-06
2,random,226,-7.161347002679e-01,2.871429e-06
2,random,227,-7.161351713553e-01,4.061811e-06
2,random,228,-7.161345908165e-01,5.799145e-06
2,random,229,-7.161347948560e-01,3.711089e-06
2,random,230,-7.161352378320e-01,3.314524e-06
2,random,231,-7.161347943865e-01,1.586955e-06
2,random,232,-7.161349752617e-01,2.360012e-06
2,random,233,-7.161349637244e-01,1.452774e-06
2,random,234,-7.161349298560e-01,1.942629e-06
2,random,235,-7.161347224178e-01,3.021799e-06
2,random,236,-7.161350684439e-01,2.118864e-06
2,random,237,-7.161353657563e-01,4.866999e-06
2,random,238,-7.161353213301e-01,2.652534e-06
2,random,239,-7.161350241832e-01,2.321485e-06
2,random,240,-7.161353686069e-01,3.384120e-06
2,random,241,-7.161347066059e-01,1.204456e-06
2,random,242,-7.161346446969e-01,4.126599e-06
2,random,243,-7.161348803575e-01,1.484897e-06
2,random,244,-7.161351617749e-01,6.561173e-06
2,random,245,-7.161352667853e-01,2.036209e-06
2,random,246,-7.161349732365e-01,2.824780e-06
2,random,247,-7.161351993954e-01,3.881247e-06
2,random,248,-7.161354708155e-01,2.489587e-06
2,random,249,-7.161350074928e-01,4.308678e-06
2,random,250,-7.161355078093e-01,1.954276e-06
2,random,251,-7.161353434767e-01,7.031170e-06
2,random,252,-7.161356018948e-01,6.715925e-06
2,random,253,-7.161354806179e-01,3.817446e-06
2,random,254,-7.161351661994e-01,3.425114e-06
2,random,255,-7.161356173186e-01,3.486412e-06
2,random,256,-7.161352692326e-01,2.597913e-06
2,random,257,-7.161350040371e-01,1.433519e-06
2,random,258,-7.161353811205e-01,6.131337e-06
2,random,259,-7.161352660999e-01,1.053976e-06
2,random,260,-7.161351552663e-01,2.497657e-06
2,random,261,-7.161353150833e-01,3.407108e-06
2,random,262,-7.161346800369e-01,5.413044e-06
2,random,263,-7.161356895760e-01,4.290227e-06
2,random,264,-7.161350954481e-01,7.669571e-06
2,random,265,-7.161354455916e-01,6.523617e-06
2,random,266,-7.161350017763e-01,2.617368e-06
2,random,267,-7.161350174636e-01,3.303797e-06
2,random,268,-7.161354204011e-01,4.254674e-06
2,random,269,-7.161355611220e-01,2.829927e-06
2,random,270,-7.161349689891e-01,8.624105e-06
2,random,271,-7.161347926258e-01,4.168070e-06
2,random,272,-7.161352194218e-01,2.731686e-06
2,random,273,-7.161352891974e-01,6.153242e-06
2,random,274,-7.161349585428e-01,1.972380e-06
2,random,275,-7.161349605136e-01,4.149212e-06
2,random,276,-7.161351238493e-01,2.331277e-06
2,random,277,-7.161354825049e-01,2.408597e-06
2,random,278,-7.161352904278e-01,1.649697e-06
2,random,279,-7.161347216390e-01,2.277364e-06
2,random,280,-7.161349380937e-01,3.588460e-06
2,random,281,-7.161351097078e-01,3.706284e-06
2,random,282,-7.161351880319e-01,3.383386e-06
2,random,283,-7.161346069734e-01,5.686324e-06
2,random,284,-7.161353658914e-01,3.649375e-06
2,random,285,-7.161349830112e-01,7.429369e-06
2,random,286,-7.161347588746e-01,6.312220e-06
2,random,287,-7.161348149146e-01,4.393705e-06
2,random,288,-7.161350856771e-01,4.288417e-06
2,random,289,-7.161349664736e-01,6.330642e-06
2,random,290,-7.161350587429e-01,3.637902e-06
2,random,291,-7.161351131146e-01,5.795130e-06
2,random,292,-7.161352289127e-01,2.295844e-06
2,random,293,-7.161354325326e-01,8.617902e-07
3,random,0,-4.999562850966e-01,6.508203e-03
3,random,1,-5.007589674425e-01,8.497823e-03
3,random,2,-5.023506284988e-01,3.399405e-02
3,random,3,-5.037413845020e-01,7.898437e-02
3,random,4,-5.177118310974e-01,1.365043e-01
3,random,5,-5.196042884131e-01,1.025888e-01
3,random,6,-5.748289120439e-01,5.223764e-01
3,random,7,-5.859668272912e-01,2.779893e-01
3,random,8,-6.844026728020e-01,1.078237e-01
3,random,9,-6.877773213209e-01,5.884471e-02
3,random,10,-6.883273527608e-01,4.004208e-02
3,random,11,-6.889435145972e-01,2.839493e-02
3,random,12,-6.891704640049e-01,2.867287e-02
3,random,13,-6.895748938640e-01,1.565346e-02
3,random,14,-6.901040548794e-01,2.673772e-02
3,random,15,-6.904811592992e-01,2.448443e-02
3,random,16,-6.915763422247e-01,4.132678e-02
3,random,17,-6.935623445371e-01,6.470810e-02
3,random,18,-6.942394490837e-01,7.029416e-02
3,random,19,-6.960438154904e-01,6.699988e-02
3,random,20,-6.968949721044e-01,6.870208e-02
3,random,21,-6.981530631703e-01,5.043869e-02
3,random,22,-6.994585981233e-01,4.405435e-02
3,random,23,-7.008669921512e-01,6.463895e-02
3,random,24,-7.019881043486e-01,5.261443e-02
3,random,25,-7.048441082317e-01,4.832156e-02
3,random,26,-7.070248452156e-01,6.179075e-02
3,random,27,-7.092051623251e-01,5.135042e-02
3,random,28,-7.109660574860e-01,4.062019e-02
3,random,29,-7.117736562159e-01,2.476604e-02
3,random,30,-7.120412419274e-01,1.394433e-02
3,random,31,-7.121470712877e-01,1.299310e-02
3,random,32,-7.122491991254e-01,1.119438e-02
3,random,33,-7.123463539216e-01,9.934945e-03
3,random,34,-7.123889812466e-01,7.246499e-03
3,random,35,-7.124163420986e-01,4.947032e-03
3,random,36,-7.124373121966e-01,4.943793e-03
3,random,37,-7.124614139219e-01,5.757649e-03
3,random,38,-7.124832754684e-01,3.080609e-03
3,random,39,-7.124879795298e-01,1.599773e-03
3,random,40,-7.124886108857e-01,4.840663e-04
3,random,41,-7.124887511962e-01,6.578348e-04
3,random,42,-7.124889453986e-01,6.001836e-04
3,random,43,-7.124945388671e-01,3.250540e-03
3,random,44,-7.130004751378e-01,4.772892e-02
3,random,45,-7.130049199067e-01,4.892696e-02
3,random,46,-7.132622544389e-01,3.209220e-02
3,random,47,-7.138088359274e-01,2.507350e-02
3,random,48,-7.142675582899e-01,3.028687e-02
3,random,49,-7.147437678437e-01,2.325485e-02
3,random,50,-7.149183004118e-01,1.293725e-02
3,random,51,-7.149983060790e-01,1.227972e-02
3,random,52,-7.150599567822e-01,4.302048e-03
3,random,53,-7.150756159051e-01,3.008412e-03
3,random,54,-7.150796212246e-01,1.188189e-03
3,random,55,-7.150810731592e-01,7.987164e-04
3,random,56,-7.150816723961e-01,4.100572e-04
3,random,57,-7.150822605003e-01,5.249195e-04
3,random,58,-7.150822394775e-01,3.562205e-04
3,random,59,-7.150820099949e-01,3.842991e-04
3,random,60,-7.150820025013e-01,3.973061e-04
3,random,61,-7.150831203157e-01,4.455186e-04
3,random,62,-7.150826433879e-01,7.214883e-04
3,random,63,-7.150828904092e-01,8.512848e-04
3,random,64,-7.150849935958e-01,1.191435e-03
3,random,65,-7.150892278109e-01,2.737299e-03
3,random,66,-7.150950908841e-01,2.913996e-03
3,random,67,-7.151002945878e-01,8.540329e-04
3,random,68,-7.151008517705e-01,5.806944e-04
3,random,69,-7.151009960928e-01,3.580373e-04
3,random,70,-7.151011244786e-01,4.853564e-04
3,random,71,-7.151019945621e-01,1.003838e-03
3,random,72,-7.151018295344e-01,7.125759e-04
3,random,73,-7.151028947439e-01,7.594425e-04
3,random,74,-7.151048704650e-01,2.134005e-03
3,random,75,-7.151074429003e-01,2.345532e-03
3,random,76,-7.151117547798e-01,1.779683e-03
3,random,77,-7.151185262330e-01,1.566281e-03
3,random,78,-7.151205615399e-01,1.379217e-03
3,random,79,-7.151227594791e-01,7.694592e-04
3,random,80,-7.151237286781e-01,1.331693e-03
3,random,81,-7.151247512256e-01,4.800150e-04
3,random,82,-7.151250960313e-01,5.072193e-04
3,random,83,-7.151249558184e-01,3.857886e-04
3,random,84,-7.151249757724e-01,3.054640e-04
3,random,85,-7.151252530440e-01,2.850625e-04
3,random,86,-7.151255955383e-01,1.674251e-04
3,random,87,-7.151256073413e-01,7.891969e-05
3,random,88,-7.151255651692e-01,6.559582e-05
3,random,89,-7.151255936198e-01,6.595385e-05
3,random,90,-7.151255600854e-01,4.740360e-05
3,random,91,-7.151252429716e-01,2.158415e-05
3,random,92,-7.151253574276e-01,1.067170e-05
3,random,93,-7.151251978686e-01,8.779933e-06
3,random,94,-7.151253756269e-01,1.058325e-05
3,random,95,-7.151254205879e-01,1.334152e-05
3,random,96,-7.151254861294e-01,1.111015e-05
3,random,97,-7.151255189465e-01,1.271673e-05
3,random,98,-7.151256905402e-01,1.484660e-05
3,random,99,-7.151252317778e-01,1.314421e-05
3,random,100,-7.151258308183e-01,1.068316e-05
3,random,100,-7.151258308183e-01,1.068316e-05
3,random,101,-7.151253842067e-01,1.476545e-05
3,random,102,-7.151256228602e-01,3.552602e-06
3,random,103,-7.151254826460e-01,7.669840e-06
3,random,104,-7.151258728356e-01,7.735727e-06
3,random,105,-7.151256942733e-01,8.881172e-06
3,random,106,-7.151254401790e-01,4.575061e-06
3,random,107,-7.151252342963e-01,1.255713e-05
3,random,108,-7.151255971958e-01,1.359401e-05
3,random,109,-7.151255571191e-01,5.919214e-06
3,random,110,-7.151252935077e-01,9.958231e-06
3,random,111,-7.151255022670e-01,1.257120e-05
3,random,112,-7.151256625736e-01,8.895220e-06
3,random,113,-7.151258990005e-01,1.994061e-05
3,random,114,-7.151256460807e-01,1.335923e-05
3,random,115,-7.151252714368e-01,7.964881e-06
3,random,116,-7.151259862078e-01,1.537344e-05
3,random,117,-7.151254410734e-01,7.386230e-06
3,random,118,-7.151253388308e-01,1.007091e-05
3,random,119,-7.151253896534e-01,1.849722e-05
3,random,120,-7.151254186701e-01,1.046733e-05
3,random,121,-7.151255165062e-01,1.274093e-05
3,random,122,-7.151261029871e-01,1.739002e-05
3,random,123,-7.151257648211e-01,1.230096e-05
3,random,124,-7.151256534069e-01,1.040473e-05
3,random,125,-7.151257509951e-01,1.967783e-05
3,random,126,-7.151253058695e-01,1.757142e-05
3,random,127,-7.151253720397e-01,5.626210e-06
3,random,128,-7.151253823835e-01,1.033346e-05
3,random,129,-7.151254339011e-01,4.893007e-06
3,random,130,-7.151254387143e-01,7.477245e-06
3,random,131,-7.151254525756e-01,7.843933e-06
3,random,132,-7.151252128439e-01,6.326277e-06
3,random,133,-7.151252198790e-01,1.082991e-05
3,random,134,-7.151258380067e-01,6.076906e-06
3,random,135,-7.151252837925e-01,5.511933e-06
3,random,136,-7.151256254885e-01,9.242953e-06
3,random,137,-7.151257345150e-01,1.146845e-05
3,random,138,-7.151255438214e-01,4.986357e-06
3,random,139,-7.151257408842e-01,5.493422e-06
3,random,140,-7.151254795529e-01,6.058554e-06
3,random,141,-7.151257283031e-01,3.244234e-06
3,random,142,-7.151254985177e-01,8.965217e-06
3,random,143,-7.151260574858e-01,1.462064e-05
3,random,144,-7.151256361152e-01,5.197009e-06
3,random,145,-7.151254472251e-01,5.199599e-06
3,random,146,-7.151258362701e-01,5.166632e-06
3,random,147,-7.151255014801e-01,7.143454e-06
3,random,148,-7.151253790272e-01,8.098766e-06
3,random,149,-7.151253822558e-01,9.006258e-06
3,random,150,-7.151254082022e-01,1.701993e-05
3,random,151,-7.151256008939e-01,3.591443e-06
3,random,152,-7.151258428914e-01,3.656922e-06
3,random,153,-7.151255379808e-01,1.225600e-05
3,random,154,-7.151257072309e-01,4.700065e-06
3,random,155,-7.151259283568e-01,5.525983e-06
3,random,156,-7.151253292728e-01,8.088105e-06
3,random,157,-7.151256013528e-01,4.344528e-06
3,random,158,-7.151257359126e-01,2.720051e-06
3,random,159,-7.151254078199e-01,2.057102e-06
3,random,160,-7.151258623785e-01,1.389820e-05
3,random,161,-7.151257266698e-01,5.518573e-06
3,random,162,-7.151258462016e-01,3.154734e-06
3,random,163,-7.151255721867e-01,1.093106e-05
3,random,164,-7.151256858259e-01,4.577362e-06
3,random,165,-7.151258206044e-01,4.164317e-06
3,random,166,-7.151259214590e-01,8.532812e-06
3,random,167,-7.151254819638e-01,9.010633e-06
3,random,168,-7.151253022785e-01,4.166995e-06
3,random,169,-7.151255366271e-01,1.203032e-05
3,random,170,-7.151254928230e-01,7.919451e-06
3,random,171,-7.151253517859e-01,1.177048e-05
3,random,172,-7.151254193274e-01,5.449380e-06
3,random,173,-7.151258351141e-01,2.858274e-06
3,random,174,-7.151258551242e-01,6.594032e-06
3,random,175,-7.151252750501e-01,1.086725e-05
3,random,176,-7.151255994084e-01,7.219215e-06
3,random,177,-7.151255023095e-01,1.065923e-05
3,random,178,-7.151258073384e-01,7.278298e-06
3,random,179,-7.151254118342e-01,6.209678e-06
3,random,180,-7.151255161643e-01,8.165926e-06
3,random,181,-7.151253470435e-01,8.131940e-06
3,random,182,-7.151258095097e-01,5.103892e-06
3,random,183,-7.151255664818e-01,5.578657e-06
3,random,184,-7.151255001930e-01,4.553146e-06
3,random,185,-7.151252310738e-01,5.306596e-06
3,random,186,-7.151256002966e-01,1.843540e-05
3,random,187,-7.151256303472e-01,5.632640e-06
3,random,188,-7.151257756238e-01,9.703039e-06
3,random,189,-7.151254895613e-01,1.102941e-05
3,random,190,-7.151255168971e-01,6.105523e-06
3,random,191,-7.151253615705e-01,8.493029e-06
3,random,192,-7.151251997625e-01,9.131989e-06
3,random,193,-7.151255501402e-01,1.637309e-05
3,random,194,-7.151257537313e-01,9.878565e-06
3,random,195,-7.151256724592e-01,5.671037e-06
3,random,196,-7.151255844251e-01,1.843413e-05
3,random,197,-7.151256960750e-01,2.819905e-06
3,random,198,-7.151258540398e-01,4.308572e-06
3,random,199,-7.151256242233e-01,4.169064e-06
3,random,200,-7.151255822176e-01,9.768587e-06
4,retry,0,-7.508940401576e-01,7.629395e-06
